,index,code,area,date,median_salary,life_satisfaction,mean_salary,recycling_pct,population_size,number_of_jobs,area_size,no_of_houses,borough_flag,geometry
0,0,E09000001,city of london,1999-12-01,33020.0,,48922,0,6581.0,,,,1,POINT (51.5156177 -0.0919983)
1,1,E09000002,barking and dagenham,1999-12-01,21480.0,,23620,3,162444.0,,,,1,POINT (51.5540907 0.1504888880103942)
2,2,E09000003,barnet,1999-12-01,19568.0,,23128,8,313469.0,,,,1,POINT (51.65309 -0.2002261)
3,3,E09000004,bexley,1999-12-01,18621.0,,21386,18,217458.0,,,,1,POINT (39.9692378 -82.936864)
4,4,E09000005,brent,1999-12-01,18532.0,,20911,6,260317.0,,,,1,POINT (32.9373463 -87.1647184)
5,5,E09000006,bromley,1999-12-01,16720.0,,21293,13,294902.0,,,,1,POINT (51.36685695 0.0617090760908168)
6,6,E09000007,camden,1999-12-01,23677.0,,30249,13,190003.0,,,,1,POINT (39.9448402 -75.1198911)
7,7,E09000008,croydon,1999-12-01,19563.0,,22205,13,332066.0,,,,1,POINT (51.3713049 -0.101957)
8,8,E09000009,ealing,1999-12-01,20580.0,,25046,12,302252.0,,,,1,POINT (51.5126553 -0.3051952)
9,9,E09000010,enfield,1999-12-01,19289.0,,21006,9,272731.0,,,,1,POINT (51.6520851 -0.0810175)
10,10,E09000011,greenwich,1999-12-01,21236.0,,22263,4,212168.0,,,,1,POINT (51.4820845 -0.0045417)
11,11,E09000012,hackney,1999-12-01,23249.0,,39629,2,199087.0,,,,1,POINT (51.5432402 -0.0493621)
12,12,E09000013,hammersmith and fulham,1999-12-01,25000.0,,28555,7,160634.0,,,,1,POINT (51.498314199999996 -0.2278781835822244)
13,13,E09000014,haringey,1999-12-01,18783.0,,21683,5,218559.0,,,,1,POINT (51.587929849999995 -0.1054177129799201)
14,14,E09000015,harrow,1999-12-01,20596.0,,22824,10,207909.0,,,,1,POINT (51.596827149999996 -0.3373046180437286)
15,15,E09000016,havering,1999-12-01,17165.0,,18786,8,225712.0,,,,1,POINT (51.54437325 -0.1443138000000002)
16,16,E09000017,hillingdon,1999-12-01,24002.0,,28854,11,245053.0,,,,1,POINT (51.542519299999995 -0.4483349311794966)
17,17,E09000018,hounslow,1999-12-01,20155.0,,24602,14,214298.0,,,,1,POINT (51.4686132 -0.3613471)
18,18,E09000019,islington,1999-12-01,25113.0,,34180,2,175717.0,,,,1,POINT (51.5384287 -0.0999051)
19,19,E09000020,kensington and chelsea,1999-12-01,20646.0,,28074,13,147678.0,,,,1,POINT (51.50379515 -0.200789383231796)
20,20,E09000021,kingston upon thames,1999-12-01,19302.0,,22967,18,146003.0,,,,1,POINT (51.4096275 -0.3062621)
21,21,E09000022,lambeth,1999-12-01,23151.0,,27930,8,266817.0,,,,1,POINT (51.4952111 -0.1163354)
22,22,E09000023,lewisham,1999-12-01,20580.0,,23283,4,250310.0,,,,1,POINT (51.4624292 -0.0101787)
23,23,E09000024,merton,1999-12-01,18962.0,,21867,11,185062.0,,,,1,POINT (51.41086985 -0.188097088588243)
24,24,E09000025,newham,1999-12-01,18862.0,,20580,3,240517.0,,,,1,POINT (51.5300157 0.0293090787885137)
25,25,E09000026,redbridge,1999-12-01,19580.0,,22087,8,238138.0,,,,1,POINT (51.5763203 0.0454097)
26,26,E09000027,richmond upon thames,1999-12-01,22321.0,,25832,na,172782.0,,,,1,POINT (51.4405529 -0.3076394377337949)
27,27,E09000028,southwark,1999-12-01,22784.0,,26994,3,247853.0,,,,1,POINT (51.503925 -0.1049663)
28,28,E09000029,sutton,1999-12-01,19582.0,,22725,27,179375.0,,,,1,POINT (30.51216325 -100.53841807826248)
29,29,E09000030,tower hamlets,1999-12-01,26376.0,,37524,3,193507.0,,,,1,POINT (51.1288633 1.2986686)
30,30,E09000031,waltham forest,1999-12-01,18547.0,,19888,9,221057.0,,,,1,POINT (51.6676884 0.0548011292574446)
31,31,E09000032,wandsworth,1999-12-01,21321.0,,24707,7,264220.0,,,,1,POINT (51.4570271 -0.1932607)
32,32,E09000033,westminster,1999-12-01,24447.0,,36167,7,189233.0,,,,1,POINT (51.5004439 -0.1265398)
33,39,E12000007,london,1999-12-01,22487.0,,29640,9,7153912.0,,,,0,POINT (51.5073359 -0.12765)
34,42,E13000001,inner london,1999-12-01,,,-,,2750716.0,,,,0,POINT (51.5128303 -0.1100526)
35,43,E13000002,outer london,1999-12-01,,,-,,4403196.0,,,,0,POINT (51.526393049999996 -0.1611472164119675)
36,51,E09000001,city of london,2000-12-01,34903.0,,52203,0,7014.0,361000.0,,,1,POINT (51.5156177 -0.0919983)
37,52,E09000002,barking and dagenham,2000-12-01,22618.0,,24696,4,163893.0,57000.0,,,1,POINT (51.5540907 0.1504888880103942)
38,53,E09000003,barnet,2000-12-01,21761.0,,25755,8,315784.0,138000.0,,,1,POINT (51.65309 -0.2002261)
39,54,E09000004,bexley,2000-12-01,19363.0,,22580,17,218717.0,76000.0,,,1,POINT (39.9692378 -82.936864)
40,55,E09000005,brent,2000-12-01,22348.0,,23726,7,264945.0,122000.0,,,1,POINT (32.9373463 -87.1647184)
41,56,E09000006,bromley,2000-12-01,16401.0,,21178,13,295317.0,115000.0,,,1,POINT (51.36685695 0.0617090760908168)
42,57,E09000007,camden,2000-12-01,25484.0,,34864,16,196174.0,291000.0,,,1,POINT (39.9448402 -75.1198911)
43,58,E09000008,croydon,2000-12-01,21339.0,,23440,12,334241.0,160000.0,,,1,POINT (51.3713049 -0.101957)
44,59,E09000009,ealing,2000-12-01,22512.0,,26615,12,304370.0,134000.0,,,1,POINT (51.5126553 -0.3051952)
45,60,E09000010,enfield,2000-12-01,22467.0,,25198,8,275068.0,113000.0,,,1,POINT (51.6520851 -0.0810175)
46,61,E09000011,greenwich,2000-12-01,22121.0,,23689,5,214438.0,84000.0,,,1,POINT (51.4820845 -0.0045417)
47,62,E09000012,hackney,2000-12-01,24083.0,,#,1,203381.0,102000.0,,,1,POINT (51.5432402 -0.0493621)
48,63,E09000013,hammersmith and fulham,2000-12-01,25264.0,,28742,8,164393.0,120000.0,,,1,POINT (51.498314199999996 -0.2278781835822244)
49,64,E09000014,haringey,2000-12-01,19772.0,,#,5,219845.0,74000.0,,,1,POINT (51.587929849999995 -0.1054177129799201)
50,65,E09000015,harrow,2000-12-01,22238.0,,24973,11,209114.0,81000.0,,,1,POINT (51.596827149999996 -0.3373046180437286)
51,66,E09000016,havering,2000-12-01,17418.0,,19309,6,225141.0,89000.0,,,1,POINT (51.54437325 -0.1443138000000002)
52,67,E09000017,hillingdon,2000-12-01,25038.0,,29755,13,245911.0,177000.0,,,1,POINT (51.542519299999995 -0.4483349311794966)
53,68,E09000018,hounslow,2000-12-01,23230.0,,27632,13,214731.0,146000.0,,,1,POINT (51.4686132 -0.3613471)
54,69,E09000019,islington,2000-12-01,26598.0,,35135,5,177852.0,173000.0,,,1,POINT (51.5384287 -0.0999051)
55,70,E09000020,kensington and chelsea,2000-12-01,22952.0,,28782,8,154661.0,147000.0,,,1,POINT (51.50379515 -0.200789383231796)
56,71,E09000021,kingston upon thames,2000-12-01,20983.0,,25225,20,147328.0,85000.0,,,1,POINT (51.4096275 -0.3062621)
57,72,E09000022,lambeth,2000-12-01,24264.0,,28750,9,270028.0,140000.0,,,1,POINT (51.4952111 -0.1163354)
58,73,E09000023,lewisham,2000-12-01,22357.0,,22659,5,252106.0,76000.0,,,1,POINT (51.4624292 -0.0101787)
59,74,E09000024,merton,2000-12-01,18906.0,,22987,18,188196.0,84000.0,,,1,POINT (51.41086985 -0.188097088588243)
60,75,E09000025,newham,2000-12-01,19437.0,,21609,3,245463.0,79000.0,,,1,POINT (51.5300157 0.0293090787885137)
61,76,E09000026,redbridge,2000-12-01,20256.0,,22421,9,239868.0,83000.0,,,1,POINT (51.5763203 0.0454097)
62,77,E09000027,richmond upon thames,2000-12-01,22574.0,,27702,15,172920.0,82000.0,,,1,POINT (51.4405529 -0.3076394377337949)
63,78,E09000028,southwark,2000-12-01,24857.0,,29101,3,252726.0,182000.0,,,1,POINT (51.503925 -0.1049663)
64,79,E09000029,sutton,2000-12-01,22019.0,,26891,25,180485.0,78000.0,,,1,POINT (30.51216325 -100.53841807826248)
65,80,E09000030,tower hamlets,2000-12-01,28445.0,,47253,3,197133.0,152000.0,,,1,POINT (51.1288633 1.2986686)
66,81,E09000031,waltham forest,2000-12-01,19776.0,,22009,9,221296.0,74000.0,,,1,POINT (51.6676884 0.0548011292574446)
67,82,E09000032,wandsworth,2000-12-01,22840.0,,26862,7,267695.0,127000.0,,,1,POINT (51.4570271 -0.1932607)
68,83,E09000033,westminster,2000-12-01,25951.0,,40903,7,196478.0,616000.0,,,1,POINT (51.5004439 -0.1265398)
69,90,E12000007,london,2000-12-01,24204.0,,33000,9,7236712.0,4618000.0,,,0,POINT (51.5073359 -0.12765)
70,93,E13000001,inner london,2000-12-01,,,-,,2804949.0,,,,0,POINT (51.5128303 -0.1100526)
71,94,E13000002,outer london,2000-12-01,,,-,,4431763.0,,,,0,POINT (51.526393049999996 -0.1611472164119675)
72,102,E09000001,city of london,2001-12-01,39104.0,,62819,0,7359.0,339000.0,315.0,5009.0,1,POINT (51.5156177 -0.0919983)
73,103,E09000002,barking and dagenham,2001-12-01,22323.0,,26050,3,165654.0,54000.0,3780.0,68298.0,1,POINT (51.5540907 0.1504888880103942)
74,104,E09000003,barnet,2001-12-01,20916.0,,26068,8,319481.0,138000.0,8675.0,130515.0,1,POINT (51.65309 -0.2002261)
75,105,E09000004,bexley,2001-12-01,20217.0,,23559,20,218757.0,75000.0,6429.0,91606.0,1,POINT (39.9692378 -82.936864)
76,106,E09000005,brent,2001-12-01,21878.0,,24164,7,269620.0,116000.0,4323.0,101427.0,1,POINT (32.9373463 -87.1647184)
77,107,E09000006,bromley,2001-12-01,15684.0,,19749,14,296218.0,114000.0,15013.0,128717.0,1,POINT (51.36685695 0.0617090760908168)
78,108,E09000007,camden,2001-12-01,27386.0,,40033,12,202567.0,294000.0,2179.0,93112.0,1,POINT (39.9448402 -75.1198911)
79,109,E09000008,croydon,2001-12-01,20889.0,,23994,12,335112.0,156000.0,8650.0,141300.0,1,POINT (51.3713049 -0.101957)
80,110,E09000009,ealing,2001-12-01,23862.0,,29516,13,307276.0,134000.0,5554.0,120331.0,1,POINT (51.5126553 -0.3051952)
81,111,E09000010,enfield,2001-12-01,24136.0,,27605,13,277266.0,111000.0,8220.0,112948.0,1,POINT (51.6520851 -0.0810175)
82,112,E09000011,greenwich,2001-12-01,20761.0,,23932,7,217460.0,71000.0,5044.0,95406.0,1,POINT (51.4820845 -0.0045417)
83,113,E09000012,hackney,2001-12-01,24095.0,,#,1,207246.0,108000.0,1905.0,87208.0,1,POINT (51.5432402 -0.0493621)
84,114,E09000013,hammersmith and fulham,2001-12-01,26319.0,,30968,8,169374.0,123000.0,1715.0,77095.0,1,POINT (51.498314199999996 -0.2278781835822244)
85,115,E09000014,haringey,2001-12-01,20349.0,,21748,5,221251.0,75000.0,2960.0,93638.0,1,POINT (51.587929849999995 -0.1054177129799201)
86,116,E09000015,harrow,2001-12-01,22960.0,,26650,13,210044.0,80000.0,5046.0,80734.0,1,POINT (51.596827149999996 -0.3373046180437286)
87,117,E09000016,havering,2001-12-01,17940.0,,20002,9,224717.0,88000.0,11446.0,93792.0,1,POINT (51.54437325 -0.1443138000000002)
88,118,E09000017,hillingdon,2001-12-01,26051.0,,30465,20,245616.0,185000.0,11570.0,99060.0,1,POINT (51.542519299999995 -0.4483349311794966)
89,119,E09000018,hounslow,2001-12-01,22853.0,,28795,16,215976.0,150000.0,5659.0,85810.0,1,POINT (51.4686132 -0.3613471)
90,120,E09000019,islington,2001-12-01,28323.0,,44989,6,179387.0,168000.0,1486.0,83244.0,1,POINT (51.5384287 -0.0999051)
91,121,E09000020,kensington and chelsea,2001-12-01,24979.0,,32475,9,162199.0,149000.0,1238.0,83751.0,1,POINT (51.50379515 -0.200789383231796)
92,122,E09000021,kingston upon thames,2001-12-01,21427.0,,27219,18,149045.0,82000.0,3726.0,62474.0,1,POINT (51.4096275 -0.3062621)
93,123,E09000022,lambeth,2001-12-01,24019.0,,30242,8,273372.0,130000.0,2725.0,120390.0,1,POINT (51.4952111 -0.1163354)
94,124,E09000023,lewisham,2001-12-01,21990.0,,24850,6,254336.0,75000.0,3532.0,108964.0,1,POINT (51.4624292 -0.0101787)
95,125,E09000024,merton,2001-12-01,21014.0,,25615,15,191106.0,81000.0,3762.0,80789.0,1,POINT (51.41086985 -0.188097088588243)
96,126,E09000025,newham,2001-12-01,21054.0,,27763,3,249411.0,79000.0,3857.0,93390.0,1,POINT (51.5300157 0.0293090787885137)
97,127,E09000026,redbridge,2001-12-01,21106.0,,24321,10,241893.0,82000.0,5644.0,93989.0,1,POINT (51.5763203 0.0454097)
98,128,E09000027,richmond upon thames,2001-12-01,23799.0,,29854,19,174311.0,85000.0,5876.0,78411.0,1,POINT (51.4405529 -0.3076394377337949)
99,129,E09000028,southwark,2001-12-01,27114.0,,29423,4,256712.0,190000.0,2991.0,107119.0,1,POINT (51.503925 -0.1049663)
100,130,E09000029,sutton,2001-12-01,22972.0,,25235,16,181461.0,77000.0,4385.0,77701.0,1,POINT (30.51216325 -100.53841807826248)
101,131,E09000030,tower hamlets,2001-12-01,31232.0,,55045,3,201090.0,167000.0,2158.0,80225.0,1,POINT (51.1288633 1.2986686)
102,132,E09000031,waltham forest,2001-12-01,21245.0,,23023,8,222015.0,69000.0,3881.0,91992.0,1,POINT (51.6676884 0.0548011292574446)
103,133,E09000032,wandsworth,2001-12-01,22054.0,,25861,8,271742.0,124000.0,3522.0,120744.0,1,POINT (51.4570271 -0.1932607)
104,134,E09000033,westminster,2001-12-01,26829.0,,41566,9,203329.0,612000.0,2203.0,101213.0,1,POINT (51.5004439 -0.1265398)
105,141,E12000007,london,2001-12-01,25215.0,,35140,9,7322403.0,4580000.0,159471.0,3090402.0,0,POINT (51.5073359 -0.12765)
106,144,E13000001,inner london,2001-12-01,,,-,,2859375.0,,32796.0,1255102.0,0,POINT (51.5128303 -0.1100526)
107,145,E13000002,outer london,2001-12-01,,,-,,4463028.0,,126676.0,1835300.0,0,POINT (51.526393049999996 -0.1611472164119675)
108,153,E09000001,city of london,2002-12-01,39750.0,,56450,1,7280.0,344000.0,315.0,5117.0,1,POINT (51.5156177 -0.0919983)
109,154,E09000002,barking and dagenham,2002-12-01,24813.0,,26653,3,166357.0,52000.0,3780.0,68526.0,1,POINT (51.5540907 0.1504888880103942)
110,155,E09000003,barnet,2002-12-01,23112.0,,30210,13,320552.0,135000.0,8675.0,130801.0,1,POINT (51.65309 -0.2002261)
111,156,E09000004,bexley,2002-12-01,21101.0,,23517,23,219123.0,79000.0,6429.0,91908.0,1,POINT (39.9692378 -82.936864)
112,157,E09000005,brent,2002-12-01,21350.0,,24071,8,269871.0,116000.0,4323.0,102828.0,1,POINT (32.9373463 -87.1647184)
113,158,E09000006,bromley,2002-12-01,16635.0,,21513,15,296668.0,119000.0,15013.0,128974.0,1,POINT (51.36685695 0.0617090760908168)
114,159,E09000007,camden,2002-12-01,27432.0,,34486,14,203972.0,287000.0,2179.0,93884.0,1,POINT (39.9448402 -75.1198911)
115,160,E09000008,croydon,2002-12-01,22675.0,,25815,13,335415.0,149000.0,8650.0,141424.0,1,POINT (51.3713049 -0.101957)
116,161,E09000009,ealing,2002-12-01,24542.0,,29470,15,309242.0,133000.0,5554.0,120590.0,1,POINT (51.5126553 -0.3051952)
117,162,E09000010,enfield,2002-12-01,24654.0,,26835,14,280745.0,104000.0,8220.0,114131.0,1,POINT (51.6520851 -0.0810175)
118,163,E09000011,greenwich,2002-12-01,21846.0,,23853,7,221476.0,73000.0,5044.0,95972.0,1,POINT (51.4820845 -0.0045417)
119,164,E09000012,hackney,2002-12-01,24582.0,,32321,3,210961.0,108000.0,1905.0,88557.0,1,POINT (51.5432402 -0.0493621)
120,165,E09000013,hammersmith and fulham,2002-12-01,28012.0,,37855,10,171989.0,119000.0,1715.0,77287.0,1,POINT (51.498314199999996 -0.2278781835822244)
121,166,E09000014,haringey,2002-12-01,21972.0,,23632,5,224474.0,75000.0,2960.0,94321.0,1,POINT (51.587929849999995 -0.1054177129799201)
122,167,E09000015,harrow,2002-12-01,23176.0,,26303,12,212336.0,80000.0,5046.0,80963.0,1,POINT (51.596827149999996 -0.3373046180437286)
123,168,E09000016,havering,2002-12-01,16123.0,,19520,5,225054.0,91000.0,11446.0,94194.0,1,POINT (51.54437325 -0.1443138000000002)
124,169,E09000017,hillingdon,2002-12-01,26159.0,,30463,28,247063.0,182000.0,11570.0,99328.0,1,POINT (51.542519299999995 -0.4483349311794966)
125,170,E09000018,hounslow,2002-12-01,24399.0,,32582,20,216888.0,136000.0,5659.0,86521.0,1,POINT (51.4686132 -0.3613471)
126,171,E09000019,islington,2002-12-01,33497.0,,54080,6,180118.0,169000.0,1486.0,84255.0,1,POINT (51.5384287 -0.0999051)
127,172,E09000020,kensington and chelsea,2002-12-01,26649.0,,35481,9,163827.0,140000.0,1238.0,83819.0,1,POINT (51.50379515 -0.200789383231796)
128,173,E09000021,kingston upon thames,2002-12-01,22575.0,,29702,18,149642.0,79000.0,3726.0,62621.0,1,POINT (51.4096275 -0.3062621)
129,174,E09000022,lambeth,2002-12-01,24952.0,,31630,10,273041.0,137000.0,2725.0,121455.0,1,POINT (51.4952111 -0.1163354)
130,175,E09000023,lewisham,2002-12-01,23254.0,,25909,7,253662.0,79000.0,3532.0,109435.0,1,POINT (51.4624292 -0.0101787)
131,176,E09000024,merton,2002-12-01,22429.0,,27052,15,190561.0,77000.0,3762.0,80602.0,1,POINT (51.41086985 -0.188097088588243)
132,177,E09000025,newham,2002-12-01,21420.0,,24900,5,255282.0,74000.0,3857.0,94609.0,1,POINT (51.5300157 0.0293090787885137)
133,178,E09000026,redbridge,2002-12-01,22133.0,,24512,13,244273.0,83000.0,5644.0,94682.0,1,POINT (51.5763203 0.0454097)
134,179,E09000027,richmond upon thames,2002-12-01,23311.0,,30680,23,175441.0,80000.0,5876.0,78676.0,1,POINT (51.4405529 -0.3076394377337949)
135,180,E09000028,southwark,2002-12-01,28062.0,,30906,4,256269.0,166000.0,2991.0,107540.0,1,POINT (51.503925 -0.1049663)
136,181,E09000029,sutton,2002-12-01,23311.0,,25965,19,181265.0,73000.0,4385.0,77734.0,1,POINT (30.51216325 -100.53841807826248)
137,182,E09000030,tower hamlets,2002-12-01,31168.0,,49998,3,207031.0,160000.0,2158.0,82185.0,1,POINT (51.1288633 1.2986686)
138,183,E09000031,waltham forest,2002-12-01,21799.0,,23817,11,223776.0,70000.0,3881.0,92409.0,1,POINT (51.6676884 0.0548011292574446)
139,184,E09000032,wandsworth,2002-12-01,23720.0,,27665,10,274917.0,127000.0,3522.0,121620.0,1,POINT (51.4570271 -0.1932607)
140,185,E09000033,westminster,2002-12-01,28879.0,,43576,10,208100.0,598000.0,2203.0,103124.0,1,POINT (51.5004439 -0.1265398)
141,192,E12000007,london,2002-12-01,26467.0,,35739,11,7376671.0,4491000.0,159471.0,3110090.0,0,POINT (51.5073359 -0.12765)
142,195,E13000001,inner london,2002-12-01,,,-,,2890923.0,,32796.0,1267207.0,0,POINT (51.5128303 -0.1100526)
143,196,E13000002,outer london,2002-12-01,,,-,,4485748.0,,126676.0,1842883.0,0,POINT (51.526393049999996 -0.1611472164119675)
144,204,E09000001,city of london,2003-12-01,41795.0,,64272,8,7115.0,344000.0,315.0,5126.0,1,POINT (51.5156177 -0.0919983)
145,205,E09000002,barking and dagenham,2003-12-01,25358.0,,27792,5,166210.0,55000.0,3780.0,68837.0,1,POINT (51.5540907 0.1504888880103942)
146,206,E09000003,barnet,2003-12-01,23828.0,,30518,16,321802.0,138000.0,8675.0,131883.0,1,POINT (51.65309 -0.2002261)
147,207,E09000004,bexley,2003-12-01,22247.0,,24723,21,220016.0,77000.0,6429.0,92223.0,1,POINT (39.9692378 -82.936864)
148,208,E09000005,brent,2003-12-01,23018.0,,29790,10,268323.0,119000.0,4323.0,103846.0,1,POINT (32.9373463 -87.1647184)
149,209,E09000006,bromley,2003-12-01,19042.0,,25474,20,297253.0,125000.0,15013.0,129314.0,1,POINT (51.36685695 0.0617090760908168)
150,210,E09000007,camden,2003-12-01,30002.0,,38106,19,204254.0,279000.0,2179.0,94460.0,1,POINT (39.9448402 -75.1198911)
151,211,E09000008,croydon,2003-12-01,22838.0,,26920,14,335919.0,153000.0,8650.0,141819.0,1,POINT (51.3713049 -0.101957)
152,212,E09000009,ealing,2003-12-01,24349.0,,30117,15,308108.0,137000.0,5554.0,120922.0,1,POINT (51.5126553 -0.3051952)
153,213,E09000010,enfield,2003-12-01,22463.0,,25595,16,281835.0,111000.0,8220.0,115274.0,1,POINT (51.6520851 -0.0810175)
154,214,E09000011,greenwich,2003-12-01,23600.0,,26002,12,224303.0,76000.0,5044.0,96746.0,1,POINT (51.4820845 -0.0045417)
155,215,E09000012,hackney,2003-12-01,25149.0,,31035,6,212405.0,98000.0,1905.0,90216.0,1,POINT (51.5432402 -0.0493621)
156,216,E09000013,hammersmith and fulham,2003-12-01,29831.0,,35226,16,171510.0,125000.0,1715.0,77609.0,1,POINT (51.498314199999996 -0.2278781835822244)
157,217,E09000014,haringey,2003-12-01,22422.0,,24551,9,225027.0,78000.0,2960.0,95142.0,1,POINT (51.587929849999995 -0.1054177129799201)
158,218,E09000015,harrow,2003-12-01,22796.0,,27980,16,213728.0,83000.0,5046.0,81524.0,1,POINT (51.596827149999996 -0.3373046180437286)
159,219,E09000016,havering,2003-12-01,18250.0,,21167,8,225248.0,92000.0,11446.0,94553.0,1,POINT (51.54437325 -0.1443138000000002)
160,220,E09000017,hillingdon,2003-12-01,26774.0,,30875,34,248054.0,182000.0,11570.0,99766.0,1,POINT (51.542519299999995 -0.4483349311794966)
161,221,E09000018,hounslow,2003-12-01,26019.0,,33322,20,216498.0,135000.0,5659.0,87433.0,1,POINT (51.4686132 -0.3613471)
162,222,E09000019,islington,2003-12-01,33579.0,,49632,7,180899.0,177000.0,1486.0,85984.0,1,POINT (51.5384287 -0.0999051)
163,223,E09000020,kensington and chelsea,2003-12-01,26213.0,,35812,15,165268.0,133000.0,1238.0,83965.0,1,POINT (51.50379515 -0.200789383231796)
164,224,E09000021,kingston upon thames,2003-12-01,23813.0,,32569,19,149683.0,79000.0,3726.0,62868.0,1,POINT (51.4096275 -0.3062621)
165,225,E09000022,lambeth,2003-12-01,26034.0,,32702,12,272195.0,140000.0,2725.0,122013.0,1,POINT (51.4952111 -0.1163354)
166,226,E09000023,lewisham,2003-12-01,22069.0,,25320,8,251936.0,80000.0,3532.0,109746.0,1,POINT (51.4624292 -0.0101787)
167,227,E09000024,merton,2003-12-01,22959.0,,30607,15,189298.0,77000.0,3762.0,80475.0,1,POINT (51.41086985 -0.188097088588243)
168,228,E09000025,newham,2003-12-01,22792.0,,26461,2,256224.0,77000.0,3857.0,95491.0,1,POINT (51.5300157 0.0293090787885137)
169,229,E09000026,redbridge,2003-12-01,23407.0,,26086,9,247412.0,84000.0,5644.0,95500.0,1,POINT (51.5763203 0.0454097)
170,230,E09000027,richmond upon thames,2003-12-01,25549.0,,29463,24,177182.0,84000.0,5876.0,78957.0,1,POINT (51.4405529 -0.3076394377337949)
171,231,E09000028,southwark,2003-12-01,29307.0,,32241,7,255242.0,178000.0,2991.0,108467.0,1,POINT (51.503925 -0.1049663)
172,232,E09000029,sutton,2003-12-01,24455.0,,27147,25,181267.0,72000.0,4385.0,77856.0,1,POINT (30.51216325 -100.53841807826248)
173,233,E09000030,tower hamlets,2003-12-01,34281.0,,55530,5,208651.0,164000.0,2158.0,83659.0,1,POINT (51.1288633 1.2986686)
174,234,E09000031,waltham forest,2003-12-01,22918.0,,25374,12,224115.0,70000.0,3881.0,92700.0,1,POINT (51.6676884 0.0548011292574446)
175,235,E09000032,wandsworth,2003-12-01,24299.0,,29446,18,276828.0,127000.0,3522.0,122821.0,1,POINT (51.4570271 -0.1932607)
176,236,E09000033,westminster,2003-12-01,29254.0,,43694,11,211009.0,605000.0,2203.0,104540.0,1,POINT (51.5004439 -0.1265398)
177,243,E12000007,london,2003-12-01,27455.0,,37416,13,7394817.0,4554000.0,159471.0,3131738.0,0,POINT (51.5073359 -0.12765)
178,246,E13000001,inner london,2003-12-01,,,-,,2898563.0,,32796.0,1279240.0,0,POINT (51.5128303 -0.1100526)
179,247,E13000002,outer london,2003-12-01,,,-,,4496254.0,,126676.0,1852498.0,0,POINT (51.526393049999996 -0.1611472164119675)
180,255,E09000001,city of london,2004-12-01,43347.0,,66628,14,7118.0,332000.0,315.0,5263.0,1,POINT (51.5156177 -0.0919983)
181,256,E09000002,barking and dagenham,2004-12-01,26089.0,,29088,14,165610.0,53000.0,3780.0,68899.0,1,POINT (51.5540907 0.1504888880103942)
182,257,E09000003,barnet,2004-12-01,,,30795,20,323723.0,135000.0,8675.0,132856.0,1,POINT (51.65309 -0.2002261)
183,258,E09000004,bexley,2004-12-01,20946.0,,24617,30,220917.0,85000.0,6429.0,92950.0,1,POINT (39.9692378 -82.936864)
184,259,E09000005,brent,2004-12-01,23323.0,,25416,14,268335.0,119000.0,4323.0,104454.0,1,POINT (32.9373463 -87.1647184)
185,260,E09000006,bromley,2004-12-01,21192.0,,27617,23,297307.0,126000.0,15013.0,129809.0,1,POINT (51.36685695 0.0617090760908168)
186,261,E09000007,camden,2004-12-01,30510.0,,38595,25,207341.0,278000.0,2179.0,94841.0,1,POINT (39.9448402 -75.1198911)
187,262,E09000008,croydon,2004-12-01,24371.0,,28816,13,337134.0,153000.0,8650.0,142177.0,1,POINT (51.3713049 -0.101957)
188,263,E09000009,ealing,2004-12-01,26722.0,,31153,15,310073.0,136000.0,5554.0,121428.0,1,POINT (51.5126553 -0.3051952)
189,264,E09000010,enfield,2004-12-01,27414.0,,31068,24,282217.0,110000.0,8220.0,116338.0,1,POINT (51.6520851 -0.0810175)
190,265,E09000011,greenwich,2004-12-01,25387.0,,27369,19,227190.0,77000.0,5044.0,98182.0,1,POINT (51.4820845 -0.0045417)
191,266,E09000012,hackney,2004-12-01,26687.0,,31862,12,213581.0,96000.0,1905.0,91588.0,1,POINT (51.5432402 -0.0493621)
192,267,E09000013,hammersmith and fulham,2004-12-01,29830.0,,37273,20,172083.0,128000.0,1715.0,78198.0,1,POINT (51.498314199999996 -0.2278781835822244)
193,268,E09000014,haringey,2004-12-01,23481.0,,26260,14,226472.0,78000.0,2960.0,95714.0,1,POINT (51.587929849999995 -0.1054177129799201)
194,269,E09000015,harrow,2004-12-01,24750.0,,29745,19,216267.0,81000.0,5046.0,82053.0,1,POINT (51.596827149999996 -0.3373046180437286)
195,270,E09000016,havering,2004-12-01,18240.0,,21505,16,225769.0,92000.0,11446.0,95182.0,1,POINT (51.54437325 -0.1443138000000002)
196,271,E09000017,hillingdon,2004-12-01,28003.0,,31685,27,248691.0,196000.0,11570.0,100306.0,1,POINT (51.542519299999995 -0.4483349311794966)
197,272,E09000018,hounslow,2004-12-01,27457.0,,34015,17,219440.0,130000.0,5659.0,88608.0,1,POINT (51.4686132 -0.3613471)
198,273,E09000019,islington,2004-12-01,30410.0,,40812,11,180831.0,179000.0,1486.0,87263.0,1,POINT (51.5384287 -0.0999051)
199,274,E09000020,kensington and chelsea,2004-12-01,26846.0,,37784,18,165752.0,131000.0,1238.0,84363.0,1,POINT (51.50379515 -0.200789383231796)
200,275,E09000021,kingston upon thames,2004-12-01,23708.0,,30786,18,151055.0,84000.0,3726.0,63405.0,1,POINT (51.4096275 -0.3062621)
201,276,E09000022,lambeth,2004-12-01,27186.0,,37154,16,274262.0,142000.0,2725.0,122819.0,1,POINT (51.4952111 -0.1163354)
202,277,E09000023,lewisham,2004-12-01,25238.0,,26340,10,252455.0,79000.0,3532.0,110808.0,1,POINT (51.4624292 -0.0101787)
203,278,E09000024,merton,2004-12-01,23208.0,,30224,20,188908.0,91000.0,3762.0,80333.0,1,POINT (51.41086985 -0.188097088588243)
204,279,E09000025,newham,2004-12-01,,,29224,6,254434.0,81000.0,3857.0,96805.0,1,POINT (51.5300157 0.0293090787885137)
205,280,E09000026,redbridge,2004-12-01,,,27206,16,248774.0,85000.0,5644.0,96196.0,1,POINT (51.5763203 0.0454097)
206,281,E09000027,richmond upon thames,2004-12-01,26770.0,,30582,24,179312.0,82000.0,5876.0,79248.0,1,POINT (51.4405529 -0.3076394377337949)
207,282,E09000028,southwark,2004-12-01,29609.0,,34875,11,257257.0,195000.0,2991.0,110145.0,1,POINT (51.503925 -0.1049663)
208,283,E09000029,sutton,2004-12-01,24514.0,,27747,28,181094.0,73000.0,4385.0,78054.0,1,POINT (30.51216325 -100.53841807826248)
209,284,E09000030,tower hamlets,2004-12-01,39128.0,,66095,7,211154.0,192000.0,2158.0,85341.0,1,POINT (51.1288633 1.2986686)
210,285,E09000031,waltham forest,2004-12-01,23857.0,,25435,18,225002.0,69000.0,3881.0,92991.0,1,POINT (51.6676884 0.0548011292574446)
211,286,E09000032,wandsworth,2004-12-01,26137.0,,30740,17,278615.0,127000.0,3522.0,124138.0,1,POINT (51.4570271 -0.1932607)
212,287,E09000033,westminster,2004-12-01,31482.0,,46350,15,214557.0,597000.0,2203.0,106760.0,1,POINT (51.5004439 -0.1265398)
213,294,E12000007,london,2004-12-01,28750.0,,39489,18,7432730.0,4613000.0,159471.0,3157513.0,0,POINT (51.5073359 -0.12765)
214,297,E13000001,inner london,2004-12-01,31339.0,,46107,,2915912.0,,32796.0,1294046.0,0,POINT (51.5128303 -0.1100526)
215,298,E13000002,outer london,2004-12-01,25000.0,,29207,,4516818.0,,126676.0,1863467.0,0,POINT (51.526393049999996 -0.1611472164119675)
216,306,E09000001,city of london,2005-12-01,45000.0,,74004,18,7131.0,343000.0,315.0,5374.0,1,POINT (51.5156177 -0.0919983)
217,307,E09000002,barking and dagenham,2005-12-01,26680.0,,28728,17,166275.0,53000.0,3780.0,69261.0,1,POINT (51.5540907 0.1504888880103942)
218,308,E09000003,barnet,2005-12-01,27033.0,,31652,27,327541.0,136000.0,8675.0,133902.0,1,POINT (51.65309 -0.2002261)
219,309,E09000004,bexley,2005-12-01,23936.0,,28162,38,222391.0,80000.0,6429.0,93220.0,1,POINT (39.9692378 -82.936864)
220,310,E09000005,brent,2005-12-01,24209.0,,27371,20,270939.0,118000.0,4323.0,105093.0,1,POINT (32.9373463 -87.1647184)
221,311,E09000006,bromley,2005-12-01,24241.0,,29955,27,299421.0,125000.0,15013.0,130640.0,1,POINT (51.36685695 0.0617090760908168)
222,312,E09000007,camden,2005-12-01,31358.0,,39826,27,211088.0,292000.0,2179.0,95563.0,1,POINT (39.9448402 -75.1198911)
223,313,E09000008,croydon,2005-12-01,24652.0,,28101,16,339052.0,150000.0,8650.0,142566.0,1,POINT (51.3713049 -0.101957)
224,314,E09000009,ealing,2005-12-01,27235.0,,32106,19,312774.0,138000.0,5554.0,121910.0,1,POINT (51.5126553 -0.3051952)
225,315,E09000010,enfield,2005-12-01,24594.0,,27568,27,284779.0,116000.0,8220.0,117056.0,1,POINT (51.6520851 -0.0810175)
226,316,E09000011,greenwich,2005-12-01,26330.0,,29105,22,230494.0,81000.0,5044.0,99807.0,1,POINT (51.4820845 -0.0045417)
227,317,E09000012,hackney,2005-12-01,28923.0,,35597,16,216512.0,95000.0,1905.0,92738.0,1,POINT (51.5432402 -0.0493621)
228,318,E09000013,hammersmith and fulham,2005-12-01,30787.0,,42492,21,173292.0,136000.0,1715.0,78666.0,1,POINT (51.498314199999996 -0.2278781835822244)
229,319,E09000014,haringey,2005-12-01,24626.0,,26991,19,229271.0,84000.0,2960.0,97169.0,1,POINT (51.587929849999995 -0.1054177129799201)
230,320,E09000015,harrow,2005-12-01,26162.0,,30339,27,221109.0,81000.0,5046.0,82704.0,1,POINT (51.596827149999996 -0.3373046180437286)
231,321,E09000016,havering,2005-12-01,24296.0,,27736,18,226990.0,89000.0,11446.0,95727.0,1,POINT (51.54437325 -0.1443138000000002)
232,322,E09000017,hillingdon,2005-12-01,29351.0,,32725,28,251430.0,196000.0,11570.0,100646.0,1,POINT (51.542519299999995 -0.4483349311794966)
233,323,E09000018,hounslow,2005-12-01,29584.0,,35410,19,223776.0,139000.0,5659.0,89509.0,1,POINT (51.4686132 -0.3613471)
234,324,E09000019,islington,2005-12-01,30499.0,,37231,18,183477.0,192000.0,1486.0,87942.0,1,POINT (51.5384287 -0.0999051)
235,325,E09000020,kensington and chelsea,2005-12-01,26855.0,,33106,20,168375.0,134000.0,1238.0,84518.0,1,POINT (51.50379515 -0.200789383231796)
236,326,E09000021,kingston upon thames,2005-12-01,24937.0,,32985,24,152489.0,82000.0,3726.0,63918.0,1,POINT (51.4096275 -0.3062621)
237,327,E09000022,lambeth,2005-12-01,28347.0,,36464,22,277620.0,141000.0,2725.0,123839.0,1,POINT (51.4952111 -0.1163354)
238,328,E09000023,lewisham,2005-12-01,28022.0,,30443,12,254930.0,80000.0,3532.0,111594.0,1,POINT (51.4624292 -0.0101787)
239,329,E09000024,merton,2005-12-01,25991.0,,30422,23,190583.0,85000.0,3762.0,80271.0,1,POINT (51.41086985 -0.188097088588243)
240,330,E09000025,newham,2005-12-01,26331.0,,28450,10,253798.0,84000.0,3857.0,97378.0,1,POINT (51.5300157 0.0293090787885137)
241,331,E09000026,redbridge,2005-12-01,26462.0,,30087,17,251560.0,84000.0,5644.0,96903.0,1,POINT (51.5763203 0.0454097)
242,332,E09000027,richmond upon thames,2005-12-01,26809.0,,30298,29,181508.0,88000.0,5876.0,79877.0,1,POINT (51.4405529 -0.3076394377337949)
243,333,E09000028,southwark,2005-12-01,29534.0,,36022,15,261811.0,201000.0,2991.0,112162.0,1,POINT (51.503925 -0.1049663)
244,334,E09000029,sutton,2005-12-01,25714.0,,29187,29,182103.0,72000.0,4385.0,78354.0,1,POINT (30.51216325 -100.53841807826248)
245,335,E09000030,tower hamlets,2005-12-01,39493.0,,71063,9,213382.0,198000.0,2158.0,88380.0,1,POINT (51.1288633 1.2986686)
246,336,E09000031,waltham forest,2005-12-01,21931.0,,25800,22,226747.0,76000.0,3881.0,93618.0,1,POINT (51.6676884 0.0548011292574446)
247,337,E09000032,wandsworth,2005-12-01,26549.0,,31455,21,283229.0,124000.0,3522.0,125880.0,1,POINT (51.4570271 -0.1932607)
248,338,E09000033,westminster,2005-12-01,32519.0,,50430,18,223132.0,614000.0,2203.0,108200.0,1,POINT (51.5004439 -0.1265398)
249,345,E12000007,london,2005-12-01,29882.0,,41707,21,7519009.0,4706000.0,159471.0,3184386.0,0,POINT (51.5073359 -0.12765)
250,348,E13000001,inner london,2005-12-01,32230.0,,48936,,2957048.0,,32796.0,1309404.0,0,POINT (51.5128303 -0.1100526)
251,349,E13000002,outer london,2005-12-01,26176.0,,30404,,4561961.0,,126676.0,1874982.0,0,POINT (51.526393049999996 -0.1611472164119675)
252,357,E09000001,city of london,2006-12-01,46292.0,,85886,28,7254.0,337000.0,315.0,5374.0,1,POINT (51.5156177 -0.0919983)
253,358,E09000002,barking and dagenham,2006-12-01,26549.0,,28660,21,167157.0,51000.0,3780.0,69529.0,1,POINT (51.5540907 0.1504888880103942)
254,359,E09000003,barnet,2006-12-01,26071.0,,30923,29,330801.0,138000.0,8675.0,134941.0,1,POINT (51.65309 -0.2002261)
255,360,E09000004,bexley,2006-12-01,24719.0,,28847,40,223280.0,73000.0,6429.0,93433.0,1,POINT (39.9692378 -82.936864)
256,361,E09000005,brent,2006-12-01,25279.0,,29712,22,276504.0,110000.0,4323.0,106768.0,1,POINT (32.9373463 -87.1647184)
257,362,E09000006,bromley,2006-12-01,25715.0,,#,32,300963.0,126000.0,15013.0,131387.0,1,POINT (51.36685695 0.0617090760908168)
258,363,E09000007,camden,2006-12-01,32418.0,,40593,28,211032.0,280000.0,2179.0,96351.0,1,POINT (39.9448402 -75.1198911)
259,364,E09000008,croydon,2006-12-01,26049.0,,29842,20,340449.0,148000.0,8650.0,142961.0,1,POINT (51.3713049 -0.101957)
260,365,E09000009,ealing,2006-12-01,26354.0,,32130,25,315329.0,136000.0,5554.0,122744.0,1,POINT (51.5126553 -0.3051952)
261,366,E09000010,enfield,2006-12-01,25088.0,,28912,30,287429.0,106000.0,8220.0,117614.0,1,POINT (51.6520851 -0.0810175)
262,367,E09000011,greenwich,2006-12-01,27363.0,,29714,24,233990.0,81000.0,5044.0,101194.0,1,POINT (51.4820845 -0.0045417)
263,368,E09000012,hackney,2006-12-01,30105.0,,34874,20,220193.0,88000.0,1905.0,93941.0,1,POINT (51.5432402 -0.0493621)
264,369,E09000013,hammersmith and fulham,2006-12-01,30464.0,,42838,24,174675.0,133000.0,1715.0,79315.0,1,POINT (51.498314199999996 -0.2278781835822244)
265,370,E09000014,haringey,2006-12-01,27020.0,,29726,25,233174.0,82000.0,2960.0,98339.0,1,POINT (51.587929849999995 -0.1054177129799201)
266,371,E09000015,harrow,2006-12-01,25575.0,,30342,28,223632.0,83000.0,5046.0,83363.0,1,POINT (51.596827149999996 -0.3373046180437286)
267,372,E09000016,havering,2006-12-01,26394.0,,28459,20,228198.0,86000.0,11446.0,96191.0,1,POINT (51.54437325 -0.1443138000000002)
268,373,E09000017,hillingdon,2006-12-01,28771.0,,32034,31,254387.0,201000.0,11570.0,101241.0,1,POINT (51.542519299999995 -0.4483349311794966)
269,374,E09000018,hounslow,2006-12-01,26853.0,,34303,20,228126.0,132000.0,5659.0,90367.0,1,POINT (51.4686132 -0.3613471)
270,375,E09000019,islington,2006-12-01,33995.0,,50794,24,185283.0,181000.0,1486.0,88820.0,1,POINT (51.5384287 -0.0999051)
271,376,E09000020,kensington and chelsea,2006-12-01,26619.0,,33350,24,165245.0,132000.0,1238.0,84596.0,1,POINT (51.50379515 -0.200789383231796)
272,377,E09000021,kingston upon thames,2006-12-01,25640.0,,32566,24,153667.0,99000.0,3726.0,64249.0,1,POINT (51.4096275 -0.3062621)
273,378,E09000022,lambeth,2006-12-01,29930.0,,38233,23,280524.0,137000.0,2725.0,125207.0,1,POINT (51.4952111 -0.1163354)
274,379,E09000023,lewisham,2006-12-01,27021.0,,30142,16,257976.0,73000.0,3532.0,112632.0,1,POINT (51.4624292 -0.0101787)
275,380,E09000024,merton,2006-12-01,24883.0,,29305,25,192520.0,79000.0,3762.0,80541.0,1,POINT (51.41086985 -0.188097088588243)
276,381,E09000025,newham,2006-12-01,27162.0,,30873,14,257994.0,80000.0,3857.0,98274.0,1,POINT (51.5300157 0.0293090787885137)
277,382,E09000026,redbridge,2006-12-01,27940.0,,31319,19,255590.0,74000.0,5644.0,97665.0,1,POINT (51.5763203 0.0454097)
278,383,E09000027,richmond upon thames,2006-12-01,28610.0,,33258,32,182520.0,84000.0,5876.0,80819.0,1,POINT (51.4405529 -0.3076394377337949)
279,384,E09000028,southwark,2006-12-01,31575.0,,39075,18,267553.0,210000.0,2991.0,113731.0,1,POINT (51.503925 -0.1049663)
280,385,E09000029,sutton,2006-12-01,25102.0,,28965,30,182882.0,71000.0,4385.0,78498.0,1,POINT (30.51216325 -100.53841807826248)
281,386,E09000030,tower hamlets,2006-12-01,38975.0,,62719,12,218400.0,203000.0,2158.0,91356.0,1,POINT (51.1288633 1.2986686)
282,387,E09000031,waltham forest,2006-12-01,23074.0,,27449,28,230731.0,70000.0,3881.0,94381.0,1,POINT (51.6676884 0.0548011292574446)
283,388,E09000032,wandsworth,2006-12-01,27405.0,,32887,23,287538.0,128000.0,3522.0,127243.0,1,POINT (51.4570271 -0.1932607)
284,389,E09000033,westminster,2006-12-01,33474.0,,53229,20,222829.0,605000.0,2203.0,110181.0,1,POINT (51.5004439 -0.1265398)
285,396,E12000007,london,2006-12-01,30355.0,,43557,23,7597825.0,4615000.0,159471.0,3213239.0,0,POINT (51.5073359 -0.12765)
286,399,E13000001,inner london,2006-12-01,33333.0,,51556,,2989670.0,,32796.0,1325356.0,0,POINT (51.5128303 -0.1100526)
287,400,E13000002,outer london,2006-12-01,26399.0,,31096,,4608155.0,,126676.0,1887882.0,0,POINT (51.526393049999996 -0.1611472164119675)
288,408,E09000001,city of london,2007-12-01,49955.0,,86778,33,7607.0,350000.0,315.0,5375.0,1,POINT (51.5156177 -0.0919983)
289,409,E09000002,barking and dagenham,2007-12-01,30200.0,,31994,20,169031.0,52000.0,3780.0,69835.0,1,POINT (51.5540907 0.1504888880103942)
290,410,E09000003,barnet,2007-12-01,27436.0,,33007,31,334837.0,136000.0,8675.0,135429.0,1,POINT (51.65309 -0.2002261)
291,411,E09000004,bexley,2007-12-01,26457.0,,30375,42,224625.0,74000.0,6429.0,93746.0,1,POINT (39.9692378 -82.936864)
292,412,E09000005,brent,2007-12-01,25763.0,,28503,21,283273.0,111000.0,4323.0,107970.0,1,POINT (32.9373463 -87.1647184)
293,413,E09000006,bromley,2007-12-01,25666.0,,35021,34,302625.0,136000.0,15013.0,132339.0,1,POINT (51.36685695 0.0617090760908168)
294,414,E09000007,camden,2007-12-01,33059.0,,40595,27,211520.0,296000.0,2179.0,96998.0,1,POINT (39.9448402 -75.1198911)
295,415,E09000008,croydon,2007-12-01,25965.0,,29341,23,344029.0,152000.0,8650.0,143714.0,1,POINT (51.3713049 -0.101957)
296,416,E09000009,ealing,2007-12-01,27490.0,,34374,29,318671.0,140000.0,5554.0,124111.0,1,POINT (51.5126553 -0.3051952)
297,417,E09000010,enfield,2007-12-01,26325.0,,28949,28,291534.0,108000.0,8220.0,118667.0,1,POINT (51.6520851 -0.0810175)
298,418,E09000011,greenwich,2007-12-01,29319.0,,32003,31,236535.0,82000.0,5044.0,101931.0,1,POINT (51.4820845 -0.0045417)
299,419,E09000012,hackney,2007-12-01,28996.0,,35390,22,224480.0,95000.0,1905.0,95391.0,1,POINT (51.5432402 -0.0493621)
300,420,E09000013,hammersmith and fulham,2007-12-01,33535.0,,46996,27,176472.0,134000.0,1715.0,79969.0,1,POINT (51.498314199999996 -0.2278781835822244)
301,421,E09000014,haringey,2007-12-01,26281.0,,29032,26,236793.0,81000.0,2960.0,99827.0,1,POINT (51.587929849999995 -0.1054177129799201)
302,422,E09000015,harrow,2007-12-01,26107.0,,31063,40,226355.0,83000.0,5046.0,84072.0,1,POINT (51.596827149999996 -0.3373046180437286)
303,423,E09000016,havering,2007-12-01,26079.0,,29418,24,229789.0,82000.0,11446.0,97132.0,1,POINT (51.54437325 -0.1443138000000002)
304,424,E09000017,hillingdon,2007-12-01,30290.0,,33992,34,256981.0,202000.0,11570.0,101525.0,1,POINT (51.542519299999995 -0.4483349311794966)
305,425,E09000018,hounslow,2007-12-01,27547.0,,34303,22,233454.0,136000.0,5659.0,92108.0,1,POINT (51.4686132 -0.3613471)
306,426,E09000019,islington,2007-12-01,34779.0,,53641,26,188636.0,201000.0,1486.0,90650.0,1,POINT (51.5384287 -0.0999051)
307,427,E09000020,kensington and chelsea,2007-12-01,28355.0,,33248,28,162883.0,128000.0,1238.0,84630.0,1,POINT (51.50379515 -0.200789383231796)
308,428,E09000021,kingston upon thames,2007-12-01,27274.0,,33513,26,154485.0,86000.0,3726.0,64547.0,1,POINT (51.4096275 -0.3062621)
309,429,E09000022,lambeth,2007-12-01,30633.0,,41050,25,284964.0,138000.0,2725.0,126555.0,1,POINT (51.4952111 -0.1163354)
310,430,E09000023,lewisham,2007-12-01,27673.0,,29832,22,261188.0,75000.0,3532.0,113286.0,1,POINT (51.4624292 -0.0101787)
311,431,E09000024,merton,2007-12-01,26346.0,,30731,27,194260.0,78000.0,3762.0,80534.0,1,POINT (51.41086985 -0.188097088588243)
312,432,E09000025,newham,2007-12-01,27434.0,,32363,14,266285.0,80000.0,3857.0,98994.0,1,POINT (51.5300157 0.0293090787885137)
313,433,E09000026,redbridge,2007-12-01,29429.0,,33111,22,259965.0,79000.0,5644.0,98687.0,1,POINT (51.5763203 0.0454097)
314,434,E09000027,richmond upon thames,2007-12-01,30881.0,,37366,36,182421.0,89000.0,5876.0,81105.0,1,POINT (51.4405529 -0.3076394377337949)
315,435,E09000028,southwark,2007-12-01,32000.0,,39710,20,272626.0,222000.0,2991.0,116042.0,1,POINT (51.503925 -0.1049663)
316,436,E09000029,sutton,2007-12-01,25182.0,,28531,32,184174.0,71000.0,4385.0,78633.0,1,POINT (30.51216325 -100.53841807826248)
317,437,E09000030,tower hamlets,2007-12-01,41117.0,,72749,13,225251.0,211000.0,2158.0,94373.0,1,POINT (51.1288633 1.2986686)
318,438,E09000031,waltham forest,2007-12-01,25034.0,,27129,30,235665.0,67000.0,3881.0,95303.0,1,POINT (51.6676884 0.0548011292574446)
319,439,E09000032,wandsworth,2007-12-01,30513.0,,38209,25,291440.0,130000.0,3522.0,128946.0,1,POINT (51.4570271 -0.1932607)
320,440,E09000033,westminster,2007-12-01,35315.0,,52597,23,220619.0,623000.0,2203.0,111743.0,1,POINT (51.5004439 -0.1265398)
321,447,E12000007,london,2007-12-01,31484.0,,45027,25,7693473.0,4728000.0,159471.0,3244166.0,0,POINT (51.5073359 -0.12765)
322,450,E13000001,inner london,2007-12-01,34415.0,,53119,,3030764.0,,32796.0,1342778.0,0,POINT (51.5128303 -0.1100526)
323,451,E13000002,outer london,2007-12-01,27478.0,,32073,,4662709.0,,126676.0,1901387.0,0,POINT (51.526393049999996 -0.1611472164119675)
324,459,E09000001,city of london,2008-12-01,50503.0,,82973,34,7429.0,348000.0,315.0,5421.0,1,POINT (51.5156177 -0.0919983)
325,460,E09000002,barking and dagenham,2008-12-01,29396.0,,31795,25,172452.0,53000.0,3780.0,70551.0,1,POINT (51.5540907 0.1504888880103942)
326,461,E09000003,barnet,2008-12-01,27978.0,,34468,31,339212.0,140000.0,8675.0,136680.0,1,POINT (51.65309 -0.2002261)
327,462,E09000004,bexley,2008-12-01,28326.0,,31305,51,226652.0,73000.0,6429.0,94078.0,1,POINT (39.9692378 -82.936864)
328,463,E09000005,brent,2008-12-01,27326.0,,29631,28,290901.0,109000.0,4323.0,109037.0,1,POINT (32.9373463 -87.1647184)
329,464,E09000006,bromley,2008-12-01,27236.0,,33378,36,304968.0,130000.0,15013.0,133112.0,1,POINT (51.36685695 0.0617090760908168)
330,465,E09000007,camden,2008-12-01,35314.0,,42816,28,210273.0,307000.0,2179.0,97517.0,1,POINT (39.9448402 -75.1198911)
331,466,E09000008,croydon,2008-12-01,27482.0,,31842,28,349308.0,146000.0,8650.0,144896.0,1,POINT (51.3713049 -0.101957)
332,467,E09000009,ealing,2008-12-01,29439.0,,35772,35,324022.0,131000.0,5554.0,125531.0,1,POINT (51.5126553 -0.3051952)
333,468,E09000010,enfield,2008-12-01,25550.0,,28930,27,297443.0,111000.0,8220.0,119946.0,1,POINT (51.6520851 -0.0810175)
334,469,E09000011,greenwich,2008-12-01,30766.0,,33637,42,239748.0,81000.0,5044.0,102257.0,1,POINT (51.4820845 -0.0045417)
335,470,E09000012,hackney,2008-12-01,31589.0,,39016,23,231041.0,96000.0,1905.0,97302.0,1,POINT (51.5432402 -0.0493621)
336,471,E09000013,hammersmith and fulham,2008-12-01,,,46620,28,177088.0,135000.0,1715.0,80510.0,1,POINT (51.498314199999996 -0.2278781835822244)
337,472,E09000014,haringey,2008-12-01,29859.0,,31703,22,244459.0,78000.0,2960.0,100960.0,1,POINT (51.587929849999995 -0.1054177129799201)
338,473,E09000015,harrow,2008-12-01,27627.0,,31746,43,229567.0,77000.0,5046.0,84535.0,1,POINT (51.596827149999996 -0.3373046180437286)
339,474,E09000016,havering,2008-12-01,28800.0,,32386,27,231793.0,87000.0,11446.0,97551.0,1,POINT (51.54437325 -0.1443138000000002)
340,475,E09000017,hillingdon,2008-12-01,31291.0,,37349,35,261051.0,206000.0,11570.0,102020.0,1,POINT (51.542519299999995 -0.4483349311794966)
341,476,E09000018,hounslow,2008-12-01,29475.0,,39109,24,237907.0,137000.0,5659.0,94100.0,1,POINT (51.4686132 -0.3613471)
342,477,E09000019,islington,2008-12-01,36357.0,,58261,28,192089.0,205000.0,1486.0,92378.0,1,POINT (51.5384287 -0.0999051)
343,478,E09000020,kensington and chelsea,2008-12-01,30217.0,,37538,30,162579.0,131000.0,1238.0,84577.0,1,POINT (51.50379515 -0.200789383231796)
344,479,E09000021,kingston upon thames,2008-12-01,26583.0,,33180,35,156027.0,87000.0,3726.0,64812.0,1,POINT (51.4096275 -0.3062621)
345,480,E09000022,lambeth,2008-12-01,30566.0,,41396,26,289126.0,140000.0,2725.0,127978.0,1,POINT (51.4952111 -0.1163354)
346,481,E09000023,lewisham,2008-12-01,29403.0,,31399,21,266508.0,77000.0,3532.0,114370.0,1,POINT (51.4624292 -0.0101787)
347,482,E09000024,merton,2008-12-01,28363.0,,31929,30,195859.0,81000.0,3762.0,80683.0,1,POINT (51.41086985 -0.188097088588243)
348,483,E09000025,newham,2008-12-01,29467.0,,34686,15,276478.0,77000.0,3857.0,99915.0,1,POINT (51.5300157 0.0293090787885137)
349,484,E09000026,redbridge,2008-12-01,29283.0,,32261,26,265452.0,83000.0,5644.0,99313.0,1,POINT (51.5763203 0.0454097)
350,485,E09000027,richmond upon thames,2008-12-01,32437.0,,37760,42,182927.0,90000.0,5876.0,81458.0,1,POINT (51.4405529 -0.3076394377337949)
351,486,E09000028,southwark,2008-12-01,31227.0,,40353,21,276973.0,245000.0,2991.0,118189.0,1,POINT (51.503925 -0.1049663)
352,487,E09000029,sutton,2008-12-01,26082.0,,29869,32,185860.0,80000.0,4385.0,79116.0,1,POINT (30.51216325 -100.53841807826248)
353,488,E09000030,tower hamlets,2008-12-01,41880.0,,70217,19,231893.0,220000.0,2158.0,97010.0,1,POINT (51.1288633 1.2986686)
354,489,E09000031,waltham forest,2008-12-01,26609.0,,28814,28,242098.0,68000.0,3881.0,96281.0,1,POINT (51.6676884 0.0548011292574446)
355,490,E09000032,wandsworth,2008-12-01,30808.0,,40916,27,294305.0,129000.0,3522.0,130226.0,1,POINT (51.4570271 -0.1932607)
356,491,E09000033,westminster,2008-12-01,36048.0,,59836,23,218673.0,639000.0,2203.0,113413.0,1,POINT (51.5004439 -0.1265398)
357,498,E12000007,london,2008-12-01,32813.0,,47116,29,7812161.0,4799000.0,159471.0,3275723.0,0,POINT (51.5073359 -0.12765)
358,501,E13000001,inner london,2008-12-01,35774.0,,55236,,3078914.0,,32796.0,1359764.0,0,POINT (51.5128303 -0.1100526)
359,502,E13000002,outer london,2008-12-01,28608.0,,33547,,4733247.0,,126676.0,1915958.0,0,POINT (51.526393049999996 -0.1611472164119675)
360,510,E09000001,city of london,2009-12-01,52092.0,,80769,35,7472.0,362000.0,315.0,5467.0,1,POINT (51.5156177 -0.0919983)
361,511,E09000002,barking and dagenham,2009-12-01,30973.0,,33126,33,177580.0,47000.0,3780.0,70839.0,1,POINT (51.5540907 0.1504888880103942)
362,512,E09000003,barnet,2009-12-01,30496.0,,35013,33,345829.0,143000.0,8675.0,137769.0,1,POINT (51.65309 -0.2002261)
363,513,E09000004,bexley,2009-12-01,28222.0,,31988,51,228146.0,73000.0,6429.0,94371.0,1,POINT (39.9692378 -82.936864)
364,514,E09000005,brent,2009-12-01,27503.0,,31033,29,298118.0,110000.0,4323.0,110244.0,1,POINT (32.9373463 -87.1647184)
365,515,E09000006,bromley,2009-12-01,26951.0,,33329,40,306924.0,119000.0,15013.0,133673.0,1,POINT (51.36685695 0.0617090760908168)
366,516,E09000007,camden,2009-12-01,36375.0,,45633,30,212924.0,309000.0,2179.0,98557.0,1,POINT (39.9448402 -75.1198911)
367,517,E09000008,croydon,2009-12-01,28225.0,,33826,32,352763.0,134000.0,8650.0,146152.0,1,POINT (51.3713049 -0.101957)
368,518,E09000009,ealing,2009-12-01,28234.0,,34873,38,329966.0,128000.0,5554.0,126381.0,1,POINT (51.5126553 -0.3051952)
369,519,E09000010,enfield,2009-12-01,27828.0,,31584,31,301971.0,107000.0,8220.0,120623.0,1,POINT (51.6520851 -0.0810175)
370,520,E09000011,greenwich,2009-12-01,29871.0,,33344,35,243672.0,80000.0,5044.0,102560.0,1,POINT (51.4820845 -0.0045417)
371,521,E09000012,hackney,2009-12-01,33107.0,,46556,24,236622.0,101000.0,1905.0,99689.0,1,POINT (51.5432402 -0.0493621)
372,522,E09000013,hammersmith and fulham,2009-12-01,36525.0,,45516,27,180116.0,132000.0,1715.0,80994.0,1,POINT (51.498314199999996 -0.2278781835822244)
373,523,E09000014,haringey,2009-12-01,28515.0,,30817,25,249805.0,75000.0,2960.0,102294.0,1,POINT (51.587929849999995 -0.1054177129799201)
374,524,E09000015,harrow,2009-12-01,27532.0,,31352,46,233495.0,77000.0,5046.0,85395.0,1,POINT (51.596827149999996 -0.3373046180437286)
375,525,E09000016,havering,2009-12-01,28317.0,,30993,34,234127.0,80000.0,11446.0,98289.0,1,POINT (51.54437325 -0.1443138000000002)
376,526,E09000017,hillingdon,2009-12-01,31584.0,,37424,41,265665.0,197000.0,11570.0,102901.0,1,POINT (51.542519299999995 -0.4483349311794966)
377,527,E09000018,hounslow,2009-12-01,31672.0,,42241,33,243366.0,138000.0,5659.0,94969.0,1,POINT (51.4686132 -0.3613471)
378,528,E09000019,islington,2009-12-01,36981.0,,55027,29,196704.0,206000.0,1486.0,94707.0,1,POINT (51.5384287 -0.0999051)
379,529,E09000020,kensington and chelsea,2009-12-01,29901.0,,36101,31,161893.0,129000.0,1238.0,84553.0,1,POINT (51.50379515 -0.200789383231796)
380,530,E09000021,kingston upon thames,2009-12-01,27497.0,,33834,46,157307.0,84000.0,3726.0,64972.0,1,POINT (51.4096275 -0.3062621)
381,531,E09000022,lambeth,2009-12-01,33415.0,,44262,27,294050.0,149000.0,2725.0,129289.0,1,POINT (51.4952111 -0.1163354)
382,532,E09000023,lewisham,2009-12-01,30891.0,,32708,17,270418.0,75000.0,3532.0,115576.0,1,POINT (51.4624292 -0.0101787)
383,533,E09000024,merton,2009-12-01,27662.0,,30330,34,198136.0,79000.0,3762.0,81050.0,1,POINT (51.41086985 -0.188097088588243)
384,534,E09000025,newham,2009-12-01,31028.0,,34487,19,286447.0,80000.0,3857.0,100984.0,1,POINT (51.5300157 0.0293090787885137)
385,535,E09000026,redbridge,2009-12-01,31235.0,,32648,32,270435.0,79000.0,5644.0,99938.0,1,POINT (51.5763203 0.0454097)
386,536,E09000027,richmond upon thames,2009-12-01,31733.0,,40992,43,184394.0,84000.0,5876.0,81853.0,1,POINT (51.4405529 -0.3076394377337949)
387,537,E09000028,southwark,2009-12-01,34265.0,,41548,22,281120.0,236000.0,2991.0,119657.0,1,POINT (51.503925 -0.1049663)
388,538,E09000029,sutton,2009-12-01,26111.0,,29775,38,188167.0,72000.0,4385.0,79444.0,1,POINT (30.51216325 -100.53841807826248)
389,539,E09000030,tower hamlets,2009-12-01,43987.0,,62526,26,240495.0,217000.0,2158.0,100471.0,1,POINT (51.1288633 1.2986686)
390,540,E09000031,waltham forest,2009-12-01,27651.0,,29524,28,248140.0,69000.0,3881.0,97247.0,1,POINT (51.6676884 0.0548011292574446)
391,541,E09000032,wandsworth,2009-12-01,32373.0,,41202,25,299347.0,125000.0,3522.0,132060.0,1,POINT (51.4570271 -0.1932607)
392,542,E09000033,westminster,2009-12-01,36765.0,,55752,24,216980.0,640000.0,2203.0,115047.0,1,POINT (51.5004439 -0.1265398)
393,549,E12000007,london,2009-12-01,33700.0,,46765,32,7942594.0,4739000.0,159471.0,3308013.0,0,POINT (51.5073359 -0.12765)
394,552,E13000001,inner london,2009-12-01,37252.0,,54227,,3134393.0,,32796.0,1379345.0,0,POINT (51.5128303 -0.1100526)
395,553,E13000002,outer london,2009-12-01,29085.0,,34297,,4808201.0,,126676.0,1928668.0,0,POINT (51.526393049999996 -0.1611472164119675)
396,561,E09000001,city of london,2010-12-01,52271.0,,81938,39,7338.0,388000.0,315.0,5459.0,1,POINT (51.5156177 -0.0919983)
397,562,E09000002,barking and dagenham,2010-12-01,28527.0,,32996,28,182838.0,51000.0,3780.0,70946.0,1,POINT (51.5540907 0.1504888880103942)
398,563,E09000003,barnet,2010-12-01,30000.0,,34077,33,351438.0,141000.0,8675.0,138616.0,1,POINT (51.65309 -0.2002261)
399,564,E09000004,bexley,2010-12-01,27738.0,,30821,51,230711.0,77000.0,6429.0,94798.0,1,POINT (39.9692378 -82.936864)
400,565,E09000005,brent,2010-12-01,25997.0,,29353,33,304785.0,114000.0,4323.0,111414.0,1,POINT (32.9373463 -87.1647184)
401,566,E09000006,bromley,2010-12-01,27712.0,,32841,44,308560.0,120000.0,15013.0,134298.0,1,POINT (51.36685695 0.0617090760908168)
402,567,E09000007,camden,2010-12-01,36527.0,,45461,32,214725.0,307000.0,2179.0,99139.0,1,POINT (39.9448402 -75.1198911)
403,568,E09000008,croydon,2010-12-01,28586.0,,33117,34,357951.0,138000.0,8650.0,147249.0,1,POINT (51.3713049 -0.101957)
404,569,E09000009,ealing,2010-12-01,28732.0,,33845,40,334073.0,128000.0,5554.0,126901.0,1,POINT (51.5126553 -0.3051952)
405,570,E09000010,enfield,2010-12-01,26967.0,,32009,32,307648.0,112000.0,8220.0,121243.0,1,POINT (51.6520851 -0.0810175)
406,571,E09000011,greenwich,2010-12-01,31821.0,,34526,37,249171.0,82000.0,5044.0,102651.0,1,POINT (51.4820845 -0.0045417)
407,572,E09000012,hackney,2010-12-01,35149.0,,44663,25,241739.0,101000.0,1905.0,101657.0,1,POINT (51.5432402 -0.0493621)
408,573,E09000013,hammersmith and fulham,2010-12-01,35033.0,,42271,28,180842.0,139000.0,1715.0,81902.0,1,POINT (51.498314199999996 -0.2278781835822244)
409,574,E09000014,haringey,2010-12-01,29597.0,,32517,28,252742.0,72000.0,2960.0,103430.0,1,POINT (51.587929849999995 -0.1054177129799201)
410,575,E09000015,harrow,2010-12-01,27921.0,,32746,50,237451.0,78000.0,5046.0,85994.0,1,POINT (51.596827149999996 -0.3373046180437286)
411,576,E09000016,havering,2010-12-01,28235.0,,32068,31,236234.0,82000.0,11446.0,98805.0,1,POINT (51.54437325 -0.1443138000000002)
412,577,E09000017,hillingdon,2010-12-01,31586.0,,38406,43,269465.0,192000.0,11570.0,103508.0,1,POINT (51.542519299999995 -0.4483349311794966)
413,578,E09000018,hounslow,2010-12-01,31307.0,,41634,35,249236.0,143000.0,5659.0,95893.0,1,POINT (51.4686132 -0.3613471)
414,579,E09000019,islington,2010-12-01,34551.0,,49859,30,200129.0,197000.0,1486.0,96301.0,1,POINT (51.5384287 -0.0999051)
415,580,E09000020,kensington and chelsea,2010-12-01,30196.0,,36450,32,160463.0,129000.0,1238.0,84756.0,1,POINT (51.50379515 -0.200789383231796)
416,581,E09000021,kingston upon thames,2010-12-01,28240.0,,33688,47,158648.0,85000.0,3726.0,65086.0,1,POINT (51.4096275 -0.3062621)
417,582,E09000022,lambeth,2010-12-01,33821.0,,43030,28,297650.0,151000.0,2725.0,130655.0,1,POINT (51.4952111 -0.1163354)
418,583,E09000023,lewisham,2010-12-01,30806.0,,32007,18,272525.0,73000.0,3532.0,116640.0,1,POINT (51.4624292 -0.0101787)
419,584,E09000024,merton,2010-12-01,27441.0,,31666,36,199136.0,78000.0,3762.0,80971.0,1,POINT (51.41086985 -0.188097088588243)
420,585,E09000025,newham,2010-12-01,32578.0,,39102,15,299171.0,80000.0,3857.0,102444.0,1,POINT (51.5300157 0.0293090787885137)
421,586,E09000026,redbridge,2010-12-01,30086.0,,32421,28,275088.0,78000.0,5644.0,100889.0,1,POINT (51.5763203 0.0454097)
422,587,E09000027,richmond upon thames,2010-12-01,32249.0,,39837,43,186304.0,85000.0,5876.0,82116.0,1,POINT (51.4405529 -0.3076394377337949)
423,588,E09000028,southwark,2010-12-01,35050.0,,41481,25,283777.0,228000.0,2991.0,121412.0,1,POINT (51.503925 -0.1049663)
424,589,E09000029,sutton,2010-12-01,26288.0,,30375,38,189321.0,73000.0,4385.0,79508.0,1,POINT (30.51216325 -100.53841807826248)
425,590,E09000030,tower hamlets,2010-12-01,44443.0,,69029,25,248520.0,223000.0,2158.0,103509.0,1,POINT (51.1288633 1.2986686)
426,591,E09000031,waltham forest,2010-12-01,27755.0,,30773,27,254009.0,66000.0,3881.0,97624.0,1,POINT (51.6676884 0.0548011292574446)
427,592,E09000032,wandsworth,2010-12-01,31818.0,,39318,27,302620.0,118000.0,3522.0,133885.0,1,POINT (51.4570271 -0.1932607)
428,593,E09000033,westminster,2010-12-01,37836.0,,56080,25,217187.0,644000.0,2203.0,116644.0,1,POINT (51.5004439 -0.1265398)
429,600,E12000007,london,2010-12-01,33990.0,,46945,32,8061495.0,4772000.0,159471.0,3336343.0,0,POINT (51.5073359 -0.12765)
430,603,E13000001,inner london,2010-12-01,37463.0,,54573,,3179428.0,,32796.0,1397832.0,0,POINT (51.5128303 -0.1100526)
431,604,E13000002,outer london,2010-12-01,29182.0,,34275,,4882067.0,,126676.0,1938511.0,0,POINT (51.526393049999996 -0.1611472164119675)
432,612,E09000001,city of london,2011-12-01,54381.0,,90842,37,7412.0,436000.0,315.0,5513.0,1,POINT (51.5156177 -0.0919983)
433,613,E09000002,barking and dagenham,2011-12-01,28201.0,7.05,33568,30,187029.0,54000.0,3780.0,71079.0,1,POINT (51.5540907 0.1504888880103942)
434,614,E09000003,barnet,2011-12-01,30237.0,7.43,33062,34,357538.0,147000.0,8675.0,139346.0,1,POINT (51.65309 -0.2002261)
435,615,E09000004,bexley,2011-12-01,28638.0,7.42,31812,54,232774.0,78000.0,6429.0,95037.0,1,POINT (39.9692378 -82.936864)
436,616,E09000005,brent,2011-12-01,26772.0,7.11,29609,37,312245.0,115000.0,4323.0,112083.0,1,POINT (32.9373463 -87.1647184)
437,617,E09000006,bromley,2011-12-01,28163.0,7.5,32863,50,310554.0,119000.0,15013.0,135036.0,1,POINT (51.36685695 0.0617090760908168)
438,618,E09000007,camden,2011-12-01,35967.0,7.25,45588,33,220087.0,331000.0,2179.0,99828.0,1,POINT (39.9448402 -75.1198911)
439,619,E09000008,croydon,2011-12-01,28979.0,7.04,33050,38,364815.0,136000.0,8650.0,148099.0,1,POINT (51.3713049 -0.101957)
440,620,E09000009,ealing,2011-12-01,28646.0,7.22,34725,41,339314.0,148000.0,5554.0,127187.0,1,POINT (51.5126553 -0.3051952)
441,621,E09000010,enfield,2011-12-01,26412.0,7.23,31797,35,313935.0,110000.0,8220.0,122042.0,1,POINT (51.6520851 -0.0810175)
442,622,E09000011,greenwich,2011-12-01,29932.0,7.18,32581,39,255483.0,81000.0,5044.0,103186.0,1,POINT (51.4820845 -0.0045417)
443,623,E09000012,hackney,2011-12-01,33512.0,7.0,42089,24,247182.0,113000.0,1905.0,102408.0,1,POINT (51.5432402 -0.0493621)
444,624,E09000013,hammersmith and fulham,2011-12-01,36143.0,7.38,42531,30,182445.0,140000.0,1715.0,82390.0,1,POINT (51.498314199999996 -0.2278781835822244)
445,625,E09000014,haringey,2011-12-01,28032.0,7.11,30446,26,255540.0,74000.0,2960.0,104173.0,1,POINT (51.587929849999995 -0.1054177129799201)
446,626,E09000015,harrow,2011-12-01,27540.0,7.31,32342,48,240499.0,76000.0,5046.0,86524.0,1,POINT (51.596827149999996 -0.3373046180437286)
447,627,E09000016,havering,2011-12-01,28415.0,7.35,31947,36,237927.0,82000.0,11446.0,99184.0,1,POINT (51.54437325 -0.1443138000000002)
448,628,E09000017,hillingdon,2011-12-01,33589.0,7.4,39436,43,275499.0,202000.0,11570.0,103907.0,1,POINT (51.542519299999995 -0.4483349311794966)
449,629,E09000018,hounslow,2011-12-01,32759.0,7.26,41142,35,254927.0,150000.0,5659.0,96892.0,1,POINT (51.4686132 -0.3613471)
450,630,E09000019,islington,2011-12-01,35996.0,7.09,60068,32,206285.0,201000.0,1486.0,96872.0,1,POINT (51.5384287 -0.0999051)
451,631,E09000020,kensington and chelsea,2011-12-01,31491.0,7.57,38220,34,158251.0,137000.0,1238.0,84798.0,1,POINT (51.50379515 -0.200789383231796)
452,632,E09000021,kingston upon thames,2011-12-01,28997.0,7.33,34459,47,160436.0,80000.0,3726.0,65198.0,1,POINT (51.4096275 -0.3062621)
453,633,E09000022,lambeth,2011-12-01,34836.0,7.13,43657,28,304481.0,150000.0,2725.0,132213.0,1,POINT (51.4952111 -0.1163354)
454,634,E09000023,lewisham,2011-12-01,29567.0,7.05,30506,17,276938.0,75000.0,3532.0,117651.0,1,POINT (51.4624292 -0.0101787)
455,635,E09000024,merton,2011-12-01,28066.0,7.14,32415,37,200543.0,86000.0,3762.0,80919.0,1,POINT (51.41086985 -0.188097088588243)
456,636,E09000025,newham,2011-12-01,29998.0,7.12,36870,23,310460.0,89000.0,3857.0,103212.0,1,POINT (51.5300157 0.0293090787885137)
457,637,E09000026,redbridge,2011-12-01,29829.0,7.33,31948,33,281395.0,77000.0,5644.0,101348.0,1,POINT (51.5763203 0.0454097)
458,638,E09000027,richmond upon thames,2011-12-01,32197.0,7.52,37122,45,187527.0,95000.0,5876.0,82482.0,1,POINT (51.4405529 -0.3076394377337949)
459,639,E09000028,southwark,2011-12-01,36124.0,7.36,48938,27,288717.0,247000.0,2991.0,123265.0,1,POINT (51.503925 -0.1049663)
460,640,E09000029,sutton,2011-12-01,26743.0,7.39,29656,37,191123.0,78000.0,4385.0,79696.0,1,POINT (30.51216325 -100.53841807826248)
461,641,E09000030,tower hamlets,2011-12-01,45970.0,7.02,86593,27,256012.0,251000.0,2158.0,105379.0,1,POINT (51.1288633 1.2986686)
462,642,E09000031,waltham forest,2011-12-01,28005.0,7.18,31926,27,259742.0,71000.0,3881.0,98279.0,1,POINT (51.6676884 0.0548011292574446)
463,643,E09000032,wandsworth,2011-12-01,32033.0,7.46,38695,28,307710.0,125000.0,3522.0,134619.0,1,POINT (51.4570271 -0.1932607)
464,644,E09000033,westminster,2011-12-01,37406.0,7.33,54049,25,219582.0,674000.0,2203.0,118318.0,1,POINT (51.5004439 -0.1265398)
465,651,E12000007,london,2011-12-01,34396.0,7.25,49831,34,8204407.0,5028000.0,159471.0,3358163.0,0,POINT (51.5073359 -0.12765)
466,654,E13000001,inner london,2011-12-01,37851.0,,58760,,3241102.0,,32796.0,1410639.0,0,POINT (51.5128303 -0.1100526)
467,655,E13000002,outer london,2011-12-01,29399.0,,34251,,4963305.0,,126676.0,1947524.0,0,POINT (51.526393049999996 -0.1611472164119675)
468,663,E09000001,city of london,2012-12-01,54000.0,,86987,36,7604.0,449000.0,315.0,5531.0,1,POINT (51.5156177 -0.0919983)
469,664,E09000002,barking and dagenham,2012-12-01,33131.0,7.09,37059,27,190560.0,55000.0,3780.0,71431.0,1,POINT (51.5540907 0.1504888880103942)
470,665,E09000003,barnet,2012-12-01,29594.0,7.28,33044,33,363956.0,154000.0,8675.0,141461.0,1,POINT (51.65309 -0.2002261)
471,666,E09000004,bexley,2012-12-01,27440.0,7.42,30833,54,234271.0,78000.0,6429.0,95240.0,1,POINT (39.9692378 -82.936864)
472,667,E09000005,brent,2012-12-01,27577.0,7.28,32089,43,314660.0,123000.0,4323.0,112643.0,1,POINT (32.9373463 -87.1647184)
473,668,E09000006,bromley,2012-12-01,28082.0,7.6,33859,49,314036.0,122000.0,15013.0,135612.0,1,POINT (51.36685695 0.0617090760908168)
474,669,E09000007,camden,2012-12-01,36962.0,7.24,44832,31,224962.0,344000.0,2179.0,100196.0,1,POINT (39.9448402 -75.1198911)
475,670,E09000008,croydon,2012-12-01,28974.0,7.01,33831,44,368886.0,141000.0,8650.0,148806.0,1,POINT (51.3713049 -0.101957)
476,671,E09000009,ealing,2012-12-01,31104.0,7.22,35024,41,340671.0,148000.0,5554.0,127872.0,1,POINT (51.5126553 -0.3051952)
477,672,E09000010,enfield,2012-12-01,27123.0,7.24,31749,39,317287.0,117000.0,8220.0,122339.0,1,POINT (51.6520851 -0.0810175)
478,673,E09000011,greenwich,2012-12-01,30097.0,7.15,32764,40,260068.0,82000.0,5044.0,104509.0,1,POINT (51.4820845 -0.0045417)
479,674,E09000012,hackney,2012-12-01,34803.0,7.07,41030,24,252119.0,112000.0,1905.0,103565.0,1,POINT (51.5432402 -0.0493621)
480,675,E09000013,hammersmith and fulham,2012-12-01,35136.0,7.21,44065,23,179850.0,147000.0,1715.0,82861.0,1,POINT (51.498314199999996 -0.2278781835822244)
481,676,E09000014,haringey,2012-12-01,29116.0,7.17,31874,32,258912.0,80000.0,2960.0,105456.0,1,POINT (51.587929849999995 -0.1054177129799201)
482,677,E09000015,harrow,2012-12-01,26738.0,7.37,31817,45,242377.0,79000.0,5046.0,86994.0,1,POINT (51.596827149999996 -0.3373046180437286)
483,678,E09000016,havering,2012-12-01,28326.0,7.36,31759,35,239733.0,84000.0,11446.0,99226.0,1,POINT (51.54437325 -0.1443138000000002)
484,679,E09000017,hillingdon,2012-12-01,33822.0,7.37,39849,43,281756.0,213000.0,11570.0,104896.0,1,POINT (51.542519299999995 -0.4483349311794966)
485,680,E09000018,hounslow,2012-12-01,31821.0,7.35,41688,35,259052.0,160000.0,5659.0,97472.0,1,POINT (51.4686132 -0.3613471)
486,681,E09000019,islington,2012-12-01,36653.0,7.14,58131,31,211047.0,206000.0,1486.0,98096.0,1,POINT (51.5384287 -0.0999051)
487,682,E09000020,kensington and chelsea,2012-12-01,30726.0,7.7,37192,26,155930.0,144000.0,1238.0,84900.0,1,POINT (51.50379515 -0.200789383231796)
488,683,E09000021,kingston upon thames,2012-12-01,29067.0,7.17,36381,46,163906.0,81000.0,3726.0,65422.0,1,POINT (51.4096275 -0.3062621)
489,684,E09000022,lambeth,2012-12-01,35280.0,7.08,44271,23,310200.0,152000.0,2725.0,133063.0,1,POINT (51.4952111 -0.1163354)
490,685,E09000023,lewisham,2012-12-01,29995.0,7.23,30823,20,281556.0,78000.0,3532.0,118839.0,1,POINT (51.4624292 -0.0101787)
491,686,E09000024,merton,2012-12-01,28613.0,7.18,32742,39,202225.0,89000.0,3762.0,81429.0,1,POINT (51.41086985 -0.188097088588243)
492,687,E09000025,newham,2012-12-01,30540.0,7.23,35465,21,314084.0,97000.0,3857.0,104121.0,1,POINT (51.5300157 0.0293090787885137)
493,688,E09000026,redbridge,2012-12-01,28100.0,7.3,30371,29,284617.0,88000.0,5644.0,101874.0,1,POINT (51.5763203 0.0454097)
494,689,E09000027,richmond upon thames,2012-12-01,31505.0,7.4,36411,46,189145.0,92000.0,5876.0,82691.0,1,POINT (51.4405529 -0.3076394377337949)
495,690,E09000028,southwark,2012-12-01,36056.0,7.21,47611,30,293530.0,270000.0,2991.0,124319.0,1,POINT (51.503925 -0.1049663)
496,691,E09000029,sutton,2012-12-01,25247.0,7.28,29407,37,193630.0,79000.0,4385.0,80283.0,1,POINT (30.51216325 -100.53841807826248)
497,692,E09000030,tower hamlets,2012-12-01,44880.0,7.32,64782,28,263003.0,253000.0,2158.0,108254.0,1,POINT (51.1288633 1.2986686)
498,693,E09000031,waltham forest,2012-12-01,27235.0,7.24,30738,31,262566.0,77000.0,3881.0,98783.0,1,POINT (51.6676884 0.0548011292574446)
499,694,E09000032,wandsworth,2012-12-01,31262.0,7.26,35295,24,308312.0,136000.0,3522.0,135601.0,1,POINT (51.4570271 -0.1932607)
500,695,E09000033,westminster,2012-12-01,37649.0,7.0,55529,22,223858.0,698000.0,2203.0,119245.0,1,POINT (51.5004439 -0.1265398)
501,702,E12000007,london,2012-12-01,34883.0,7.25,48367,34,8308369.0,5229000.0,159471.0,3383029.0,0,POINT (51.5073359 -0.12765)
502,705,E13000001,inner london,2012-12-01,38225.0,,55931,,3284967.0,,32796.0,1424047.0,0,POINT (51.5128303 -0.1100526)
503,706,E13000002,outer london,2012-12-01,29382.0,,34595,,5023402.0,,126676.0,1958983.0,0,POINT (51.526393049999996 -0.1611472164119675)
504,714,E09000001,city of london,2013-12-01,54202.0,,83403,39,7648.0,463000.0,315.0,5566.0,1,POINT (51.5156177 -0.0919983)
505,715,E09000002,barking and dagenham,2013-12-01,32248.0,7.01,37214,25,194352.0,54000.0,3780.0,71937.0,1,POINT (51.5540907 0.1504888880103942)
506,716,E09000003,barnet,2013-12-01,29353.0,7.4,33766,36,369088.0,159000.0,8675.0,142835.0,1,POINT (51.65309 -0.2002261)
507,717,E09000004,bexley,2013-12-01,28512.0,7.28,32463,55,236687.0,80000.0,6429.0,95658.0,1,POINT (39.9692378 -82.936864)
508,718,E09000005,brent,2013-12-01,28034.0,7.41,34480,41,317264.0,125000.0,4323.0,113305.0,1,POINT (32.9373463 -87.1647184)
509,719,E09000006,bromley,2013-12-01,28126.0,7.53,34133,50,317899.0,129000.0,15013.0,136304.0,1,POINT (51.36685695 0.0617090760908168)
510,720,E09000007,camden,2013-12-01,36336.0,7.11,45539,29,229719.0,355000.0,2179.0,100760.0,1,POINT (39.9448402 -75.1198911)
511,721,E09000008,croydon,2013-12-01,30939.0,7.36,35213,42,372752.0,130000.0,8650.0,149697.0,1,POINT (51.3713049 -0.101957)
512,722,E09000009,ealing,2013-12-01,29733.0,7.24,33210,40,342494.0,152000.0,5554.0,128862.0,1,POINT (51.5126553 -0.3051952)
513,723,E09000010,enfield,2013-12-01,25805.0,7.28,30011,39,320524.0,118000.0,8220.0,122888.0,1,POINT (51.6520851 -0.0810175)
514,724,E09000011,greenwich,2013-12-01,29251.0,7.15,33060,39,264008.0,86000.0,5044.0,104623.0,1,POINT (51.4820845 -0.0045417)
515,725,E09000012,hackney,2013-12-01,33097.0,7.05,39044,25,257379.0,111000.0,1905.0,104365.0,1,POINT (51.5432402 -0.0493621)
516,726,E09000013,hammersmith and fulham,2013-12-01,34554.0,7.4,42349,21,178685.0,141000.0,1715.0,83281.0,1,POINT (51.498314199999996 -0.2278781835822244)
517,727,E09000014,haringey,2013-12-01,29609.0,7.28,32408,36,263386.0,84000.0,2960.0,106033.0,1,POINT (51.587929849999995 -0.1054177129799201)
518,728,E09000015,harrow,2013-12-01,25784.0,7.51,31504,49,243373.0,78000.0,5046.0,87709.0,1,POINT (51.596827149999996 -0.3373046180437286)
519,729,E09000016,havering,2013-12-01,29858.0,7.51,32758,32,242080.0,91000.0,11446.0,99463.0,1,POINT (51.54437325 -0.1443138000000002)
520,730,E09000017,hillingdon,2013-12-01,35738.0,7.5,40911,43,286808.0,213000.0,11570.0,106363.0,1,POINT (51.542519299999995 -0.4483349311794966)
521,731,E09000018,hounslow,2013-12-01,31173.0,7.33,38522,35,262407.0,167000.0,5659.0,97704.0,1,POINT (51.4686132 -0.3613471)
522,732,E09000019,islington,2013-12-01,37325.0,7.35,56967,33,215671.0,220000.0,1486.0,99015.0,1,POINT (51.5384287 -0.0999051)
523,733,E09000020,kensington and chelsea,2013-12-01,31307.0,7.67,37906,25,155594.0,141000.0,1238.0,84957.0,1,POINT (51.50379515 -0.200789383231796)
524,734,E09000021,kingston upon thames,2013-12-01,29450.0,7.43,35167,46,166793.0,80000.0,3726.0,65625.0,1,POINT (51.4096275 -0.3062621)
525,735,E09000022,lambeth,2013-12-01,35397.0,7.01,43350,21,314242.0,168000.0,2725.0,133598.0,1,POINT (51.4952111 -0.1163354)
526,736,E09000023,lewisham,2013-12-01,30478.0,7.34,30909,18,286180.0,82000.0,3532.0,120637.0,1,POINT (51.4624292 -0.0101787)
527,737,E09000024,merton,2013-12-01,28610.0,7.43,31960,39,203223.0,96000.0,3762.0,81842.0,1,POINT (51.41086985 -0.188097088588243)
528,738,E09000025,newham,2013-12-01,29334.0,7.24,32807,18,318227.0,104000.0,3857.0,104791.0,1,POINT (51.5300157 0.0293090787885137)
529,739,E09000026,redbridge,2013-12-01,31215.0,7.47,33442,29,288272.0,84000.0,5644.0,102138.0,1,POINT (51.5763203 0.0454097)
530,740,E09000027,richmond upon thames,2013-12-01,31997.0,7.6,36611,43,191365.0,95000.0,5876.0,83176.0,1,POINT (51.4405529 -0.3076394377337949)
531,741,E09000028,southwark,2013-12-01,36198.0,7.58,43807,34,298465.0,256000.0,2991.0,125566.0,1,POINT (51.503925 -0.1049663)
532,742,E09000029,sutton,2013-12-01,30061.0,7.49,33223,37,195914.0,77000.0,4385.0,80510.0,1,POINT (30.51216325 -100.53841807826248)
533,743,E09000030,tower hamlets,2013-12-01,46441.0,7.5,73376,28,272890.0,269000.0,2158.0,109215.0,1,POINT (51.1288633 1.2986686)
534,744,E09000031,waltham forest,2013-12-01,,7.34,31143,33,265797.0,81000.0,3881.0,99251.0,1,POINT (51.6676884 0.0548011292574446)
535,745,E09000032,wandsworth,2013-12-01,31491.0,7.43,36917,20,310516.0,134000.0,3522.0,136558.0,1,POINT (51.4570271 -0.1932607)
536,746,E09000033,westminster,2013-12-01,36946.0,7.53,51094,21,226841.0,717000.0,2203.0,119837.0,1,POINT (51.5004439 -0.1265398)
537,753,E12000007,london,2013-12-01,35173.0,7.36,47962,34,8416543.0,5341000.0,159471.0,3404068.0,0,POINT (51.5073359 -0.12765)
538,756,E13000001,inner london,2013-12-01,38274.0,,55061,,3335443.0,,32796.0,1434179.0,0,POINT (51.5128303 -0.1100526)
539,757,E13000002,outer london,2013-12-01,30148.0,,34950,,5081100.0,,126676.0,1969890.0,0,POINT (51.526393049999996 -0.1611472164119675)
540,765,E09000001,city of london,2014-12-01,54710.0,,82808,34,8072.0,498000.0,315.0,6003.0,1,POINT (51.5156177 -0.0919983)
541,766,E09000002,barking and dagenham,2014-12-01,32698.0,7.32,36323,23,198294.0,59000.0,3780.0,72668.0,1,POINT (51.5540907 0.1504888880103942)
542,767,E09000003,barnet,2014-12-01,31162.0,7.54,34936,38,374915.0,165000.0,8675.0,143948.0,1,POINT (51.65309 -0.2002261)
543,768,E09000004,bexley,2014-12-01,28505.0,7.52,31878,54,239865.0,80000.0,6429.0,96186.0,1,POINT (39.9692378 -82.936864)
544,769,E09000005,brent,2014-12-01,29514.0,7.24,33484,35,320762.0,131000.0,4323.0,114039.0,1,POINT (32.9373463 -87.1647184)
545,770,E09000006,bromley,2014-12-01,27926.0,7.71,33458,48,321278.0,127000.0,15013.0,136453.0,1,POINT (51.36685695 0.0617090760908168)
546,771,E09000007,camden,2014-12-01,36748.0,7.25,44629,26,234846.0,379000.0,2179.0,101214.0,1,POINT (39.9448402 -75.1198911)
547,772,E09000008,croydon,2014-12-01,31154.0,7.35,34769,40,376040.0,142000.0,8650.0,150992.0,1,POINT (51.3713049 -0.101957)
548,773,E09000009,ealing,2014-12-01,28825.0,7.6,32716,40,342118.0,159000.0,5554.0,129631.0,1,POINT (51.5126553 -0.3051952)
549,774,E09000010,enfield,2014-12-01,25805.0,7.45,29804,39,324574.0,127000.0,8220.0,123400.0,1,POINT (51.6520851 -0.0810175)
550,775,E09000011,greenwich,2014-12-01,28954.0,7.33,31690,34,268678.0,95000.0,5044.0,105735.0,1,POINT (51.4820845 -0.0045417)
551,776,E09000012,hackney,2014-12-01,33116.0,7.43,40241,25,263150.0,131000.0,1905.0,105490.0,1,POINT (51.5432402 -0.0493621)
552,777,E09000013,hammersmith and fulham,2014-12-01,33688.0,7.56,38677,21,178365.0,148000.0,1715.0,83907.0,1,POINT (51.498314199999996 -0.2278781835822244)
553,778,E09000014,haringey,2014-12-01,30325.0,7.38,33616,37,267541.0,90000.0,2960.0,106507.0,1,POINT (51.587929849999995 -0.1054177129799201)
554,779,E09000015,harrow,2014-12-01,26037.0,7.49,29957,45,246011.0,89000.0,5046.0,88004.0,1,POINT (51.596827149999996 -0.3373046180437286)
555,780,E09000016,havering,2014-12-01,30003.0,7.62,33536,32,245974.0,90000.0,11446.0,99619.0,1,POINT (51.54437325 -0.1443138000000002)
556,781,E09000017,hillingdon,2014-12-01,33984.0,7.63,42606,44,292690.0,220000.0,11570.0,106917.0,1,POINT (51.542519299999995 -0.4483349311794966)
557,782,E09000018,hounslow,2014-12-01,33038.0,7.57,41473,35,265568.0,164000.0,5659.0,98390.0,1,POINT (51.4686132 -0.3613471)
558,783,E09000019,islington,2014-12-01,36751.0,7.36,59007,33,221030.0,231000.0,1486.0,100258.0,1,POINT (51.5384287 -0.0999051)
559,784,E09000020,kensington and chelsea,2014-12-01,30002.0,7.65,36844,25,156190.0,141000.0,1238.0,85553.0,1,POINT (51.50379515 -0.200789383231796)
560,785,E09000021,kingston upon thames,2014-12-01,30768.0,7.52,35833,46,169958.0,82000.0,3726.0,65886.0,1,POINT (51.4096275 -0.3062621)
561,786,E09000022,lambeth,2014-12-01,34491.0,7.41,44566,28,318216.0,180000.0,2725.0,134852.0,1,POINT (51.4952111 -0.1163354)
562,787,E09000023,lewisham,2014-12-01,29983.0,7.33,32256,17,291933.0,88000.0,3532.0,121350.0,1,POINT (51.4624292 -0.0101787)
563,788,E09000024,merton,2014-12-01,27539.0,7.64,31917,38,203515.0,97000.0,3762.0,82282.0,1,POINT (51.41086985 -0.188097088588243)
564,789,E09000025,newham,2014-12-01,29061.0,7.54,33619,17,324322.0,112000.0,3857.0,106760.0,1,POINT (51.5300157 0.0293090787885137)
565,790,E09000026,redbridge,2014-12-01,31127.0,7.55,33732,29,293055.0,89000.0,5644.0,102396.0,1,POINT (51.5763203 0.0454097)
566,791,E09000027,richmond upon thames,2014-12-01,31533.0,7.54,36975,41,193585.0,95000.0,5876.0,83540.0,1,POINT (51.4405529 -0.3076394377337949)
567,792,E09000028,southwark,2014-12-01,34612.0,7.43,40893,35,302538.0,282000.0,2991.0,127217.0,1,POINT (51.503925 -0.1049663)
568,793,E09000029,sutton,2014-12-01,25797.0,7.6,30752,38,198134.0,78000.0,4385.0,80810.0,1,POINT (30.51216325 -100.53841807826248)
569,794,E09000030,tower hamlets,2014-12-01,48309.0,7.54,74087,28,284015.0,278000.0,2158.0,109875.0,1,POINT (51.1288633 1.2986686)
570,795,E09000031,waltham forest,2014-12-01,26484.0,7.64,28426,36,268020.0,84000.0,3881.0,99640.0,1,POINT (51.6676884 0.0548011292574446)
571,796,E09000032,wandsworth,2014-12-01,31085.0,7.47,35182,21,312145.0,134000.0,3522.0,137757.0,1,POINT (51.4570271 -0.1932607)
572,797,E09000033,westminster,2014-12-01,37260.0,7.45,51099,19,233292.0,737000.0,2203.0,120367.0,1,POINT (51.5004439 -0.1265398)
573,804,E12000007,london,2014-12-01,35034.0,7.49,48263,33,8538689.0,5603000.0,159471.0,3427645.0,0,POINT (51.5073359 -0.12765)
574,807,E13000001,inner london,2014-12-01,38229.0,,55238,,3395655.0,,32796.0,1447110.0,0,POINT (51.5128303 -0.1100526)
575,808,E13000002,outer london,2014-12-01,30000.0,,35118,,5143034.0,,126676.0,1980536.0,0,POINT (51.526393049999996 -0.1611472164119675)
576,816,E09000001,city of london,2015-12-01,54034.0,,77754,31,8760.0,541000.0,315.0,6229.0,1,POINT (51.5156177 -0.0919983)
577,817,E09000002,barking and dagenham,2015-12-01,33018.0,7.45,36705,19,201979.0,62000.0,3780.0,73182.0,1,POINT (51.5540907 0.1504888880103942)
578,818,E09000003,barnet,2015-12-01,30900.0,7.53,34730,37,379691.0,168000.0,8675.0,145272.0,1,POINT (51.65309 -0.2002261)
579,819,E09000004,bexley,2015-12-01,29664.0,7.41,33367,52,242142.0,86000.0,6429.0,96996.0,1,POINT (39.9692378 -82.936864)
580,820,E09000005,brent,2015-12-01,29987.0,7.55,34281,36,324012.0,136000.0,4323.0,115598.0,1,POINT (32.9373463 -87.1647184)
581,821,E09000006,bromley,2015-12-01,30444.0,7.54,35238,46,324857.0,124000.0,15013.0,136864.0,1,POINT (51.36685695 0.0617090760908168)
582,822,E09000007,camden,2015-12-01,36970.0,7.35,45489,25,241059.0,383000.0,2179.0,101653.0,1,POINT (39.9448402 -75.1198911)
583,823,E09000008,croydon,2015-12-01,30628.0,7.45,34199,38,379031.0,144000.0,8650.0,152515.0,1,POINT (51.3713049 -0.101957)
584,824,E09000009,ealing,2015-12-01,28657.0,7.65,31980,43,343059.0,163000.0,5554.0,130528.0,1,POINT (51.5126553 -0.3051952)
585,825,E09000010,enfield,2015-12-01,26230.0,7.3,31041,36,328433.0,133000.0,8220.0,123799.0,1,POINT (51.6520851 -0.0810175)
586,826,E09000011,greenwich,2015-12-01,30497.0,7.23,33856,35,274803.0,96000.0,5044.0,106883.0,1,POINT (51.4820845 -0.0045417)
587,827,E09000012,hackney,2015-12-01,31566.0,7.31,38327,25,269009.0,136000.0,1905.0,106748.0,1,POINT (51.5432402 -0.0493621)
588,828,E09000013,hammersmith and fulham,2015-12-01,34652.0,7.68,38176,22,179410.0,154000.0,1715.0,85267.0,1,POINT (51.498314199999996 -0.2278781835822244)
589,829,E09000014,haringey,2015-12-01,30072.0,7.26,33919,36,272864.0,93000.0,2960.0,106640.0,1,POINT (51.587929849999995 -0.1054177129799201)
590,830,E09000015,harrow,2015-12-01,26770.0,7.65,31404,41,247130.0,88000.0,5046.0,88414.0,1,POINT (51.596827149999996 -0.3373046180437286)
591,831,E09000016,havering,2015-12-01,30591.0,7.69,33850,32,249085.0,93000.0,11446.0,100261.0,1,POINT (51.54437325 -0.1443138000000002)
592,832,E09000017,hillingdon,2015-12-01,32681.0,7.46,40529,44,297735.0,202000.0,11570.0,107462.0,1,POINT (51.542519299999995 -0.4483349311794966)
593,833,E09000018,hounslow,2015-12-01,33717.0,7.54,43037,34,268770.0,187000.0,5659.0,98787.0,1,POINT (51.4686132 -0.3613471)
594,834,E09000019,islington,2015-12-01,36679.0,7.29,49576,29,227692.0,250000.0,1486.0,100756.0,1,POINT (51.5384287 -0.0999051)
595,835,E09000020,kensington and chelsea,2015-12-01,31524.0,7.78,38848,26,157711.0,150000.0,1238.0,86537.0,1,POINT (51.50379515 -0.200789383231796)
596,836,E09000021,kingston upon thames,2015-12-01,28635.0,7.71,31728,46,173525.0,95000.0,3726.0,66412.0,1,POINT (51.4096275 -0.3062621)
597,837,E09000022,lambeth,2015-12-01,34852.0,7.41,45180,29,324431.0,185000.0,2725.0,136263.0,1,POINT (51.4952111 -0.1163354)
598,838,E09000023,lewisham,2015-12-01,30932.0,7.14,32602,18,297325.0,83000.0,3532.0,122818.0,1,POINT (51.4624292 -0.0101787)
599,839,E09000024,merton,2015-12-01,30040.0,7.56,32907,35,204565.0,98000.0,3762.0,82707.0,1,POINT (51.41086985 -0.188097088588243)
600,840,E09000025,newham,2015-12-01,28886.0,7.73,33127,15,332817.0,114000.0,3857.0,108810.0,1,POINT (51.5300157 0.0293090787885137)
601,841,E09000026,redbridge,2015-12-01,29098.0,7.87,33182,28,296793.0,92000.0,5644.0,102653.0,1,POINT (51.5763203 0.0454097)
602,842,E09000027,richmond upon thames,2015-12-01,32660.0,7.74,38060,41,194730.0,102000.0,5876.0,83781.0,1,POINT (51.4405529 -0.3076394377337949)
603,843,E09000028,southwark,2015-12-01,36238.0,7.49,42316,35,308901.0,289000.0,2991.0,128358.0,1,POINT (51.503925 -0.1049663)
604,844,E09000029,sutton,2015-12-01,27355.0,7.45,32427,35,200145.0,80000.0,4385.0,81237.0,1,POINT (30.51216325 -100.53841807826248)
605,845,E09000030,tower hamlets,2015-12-01,46681.0,7.48,67320,27,295236.0,298000.0,2158.0,110791.0,1,POINT (51.1288633 1.2986686)
606,846,E09000031,waltham forest,2015-12-01,29352.0,7.55,30911,35,271170.0,86000.0,3881.0,100311.0,1,POINT (51.6676884 0.0548011292574446)
607,847,E09000032,wandsworth,2015-12-01,31968.0,7.53,37251,21,314544.0,144000.0,3522.0,138841.0,1,POINT (51.4570271 -0.1932607)
608,848,E09000033,westminster,2015-12-01,39392.0,7.6,53316,17,242299.0,756000.0,2203.0,121116.0,1,POINT (51.5004439 -0.1265398)
609,855,E12000007,london,2015-12-01,35303.0,7.5,46946,33,8673713.0,5810000.0,159471.0,3454488.0,0,POINT (51.5073359 -0.12765)
610,858,E13000001,inner london,2015-12-01,38803.0,,53152,,3472058.0,,32796.0,1460827.0,0,POINT (51.5128303 -0.1100526)
611,859,E13000002,outer london,2015-12-01,30382.0,,35206,,5201655.0,,126676.0,1993662.0,0,POINT (51.526393049999996 -0.1611472164119675)
612,867,E09000001,city of london,2016-12-01,55487.0,,79489,29,9401.0,586000.0,315.0,6306.0,1,POINT (51.5156177 -0.0919983)
613,868,E09000002,barking and dagenham,2016-12-01,30994.0,7.5,37959,25,206460.0,63000.0,3780.0,73914.0,1,POINT (51.5540907 0.1504888880103942)
614,869,E09000003,barnet,2016-12-01,32623.0,7.47,35315,37,386083.0,169000.0,8675.0,146730.0,1,POINT (51.65309 -0.2002261)
615,870,E09000004,bexley,2016-12-01,,7.46,32666,53,244760.0,86000.0,6429.0,96864.0,1,POINT (39.9692378 -82.936864)
616,871,E09000005,brent,2016-12-01,30699.0,7.67,36579,36,328254.0,148000.0,4323.0,116649.0,1,POINT (32.9373463 -87.1647184)
617,872,E09000006,bromley,2016-12-01,30861.0,7.6,35338,47,326889.0,134000.0,15013.0,137564.0,1,POINT (51.36685695 0.0617090760908168)
618,873,E09000007,camden,2016-12-01,37817.0,7.56,45644,27,246181.0,394000.0,2179.0,102618.0,1,POINT (39.9448402 -75.1198911)
619,874,E09000008,croydon,2016-12-01,31479.0,7.68,#,39,382304.0,149000.0,8650.0,154559.0,1,POINT (51.3713049 -0.101957)
620,875,E09000009,ealing,2016-12-01,29241.0,7.42,34468,51,343196.0,168000.0,5554.0,131249.0,1,POINT (51.5126553 -0.3051952)
621,876,E09000010,enfield,2016-12-01,28918.0,7.29,33076,37,331395.0,129000.0,8220.0,124471.0,1,POINT (51.6520851 -0.0810175)
622,877,E09000011,greenwich,2016-12-01,30180.0,7.28,33568,35,279766.0,96000.0,5044.0,108603.0,1,POINT (51.4820845 -0.0045417)
623,878,E09000012,hackney,2016-12-01,32404.0,7.26,39387,27,273526.0,143000.0,1905.0,107574.0,1,POINT (51.5432402 -0.0493621)
624,879,E09000013,hammersmith and fulham,2016-12-01,35000.0,7.47,40291,23,179654.0,157000.0,1715.0,85635.0,1,POINT (51.498314199999996 -0.2278781835822244)
625,880,E09000014,haringey,2016-12-01,29753.0,7.56,32799,36,278451.0,92000.0,2960.0,106879.0,1,POINT (51.587929849999995 -0.1054177129799201)
626,881,E09000015,harrow,2016-12-01,30134.0,7.64,34743,40,248752.0,93000.0,5046.0,89324.0,1,POINT (51.596827149999996 -0.3373046180437286)
627,882,E09000016,havering,2016-12-01,28906.0,7.53,33025,37,252783.0,100000.0,11446.0,101273.0,1,POINT (51.54437325 -0.1443138000000002)
628,883,E09000017,hillingdon,2016-12-01,33093.0,7.68,39729,43,302471.0,204000.0,11570.0,108171.0,1,POINT (51.542519299999995 -0.4483349311794966)
629,884,E09000018,hounslow,2016-12-01,36235.0,7.96,47577,30,271139.0,197000.0,5659.0,99267.0,1,POINT (51.4686132 -0.3613471)
630,885,E09000019,islington,2016-12-01,39894.0,7.38,52885,32,232865.0,251000.0,1486.0,101783.0,1,POINT (51.5384287 -0.0999051)
631,886,E09000020,kensington and chelsea,2016-12-01,30008.0,7.52,35249,26,156726.0,153000.0,1238.0,86921.0,1,POINT (51.50379515 -0.200789383231796)
632,887,E09000021,kingston upon thames,2016-12-01,30729.0,7.69,34343,47,176107.0,99000.0,3726.0,66651.0,1,POINT (51.4096275 -0.3062621)
633,888,E09000022,lambeth,2016-12-01,34670.0,7.35,41335,29,327910.0,175000.0,2725.0,137610.0,1,POINT (51.4952111 -0.1163354)
634,889,E09000023,lewisham,2016-12-01,32217.0,7.18,34588,18,301867.0,84000.0,3532.0,124357.0,1,POINT (51.4624292 -0.0101787)
635,890,E09000024,merton,2016-12-01,28224.0,7.62,34199,36,205029.0,94000.0,3762.0,83215.0,1,POINT (51.41086985 -0.188097088588243)
636,891,E09000025,newham,2016-12-01,30743.0,7.61,36946,14,340978.0,125000.0,3857.0,110251.0,1,POINT (51.5300157 0.0293090787885137)
637,892,E09000026,redbridge,2016-12-01,28237.0,7.57,32190,27,299249.0,94000.0,5644.0,102707.0,1,POINT (51.5763203 0.0454097)
638,893,E09000027,richmond upon thames,2016-12-01,33329.0,7.71,38572,42,195846.0,108000.0,5876.0,84294.0,1,POINT (51.4405529 -0.3076394377337949)
639,894,E09000028,southwark,2016-12-01,37159.0,7.37,42583,34,313223.0,307000.0,2991.0,129740.0,1,POINT (51.503925 -0.1049663)
640,895,E09000029,sutton,2016-12-01,28318.0,7.66,34818,37,202220.0,84000.0,4385.0,81628.0,1,POINT (30.51216325 -100.53841807826248)
641,896,E09000030,tower hamlets,2016-12-01,45975.0,7.75,64345,28,304854.0,303000.0,2158.0,113185.0,1,POINT (51.1288633 1.2986686)
642,897,E09000031,waltham forest,2016-12-01,27455.0,7.67,30172,34,275843.0,86000.0,3881.0,101284.0,1,POINT (51.6676884 0.0548011292574446)
643,898,E09000032,wandsworth,2016-12-01,33405.0,7.64,37651,22,316096.0,146000.0,3522.0,141579.0,1,POINT (51.4570271 -0.1932607)
644,899,E09000033,westminster,2016-12-01,40000.0,7.68,53888,17,247614.0,765000.0,2203.0,122024.0,1,POINT (51.5004439 -0.1265398)
645,906,E12000007,london,2016-12-01,36170.0,7.54,47924,33,8787892.0,5982000.0,159471.0,3484878.0,0,POINT (51.5073359 -0.12765)
646,909,E13000001,inner london,2016-12-01,39653.0,,53688,,3529346.0,,32796.0,1476462.0,0,POINT (51.5128303 -0.1100526)
647,910,E13000002,outer london,2016-12-01,31018.0,,36862,,5258546.0,,126676.0,2008417.0,0,POINT (51.526393049999996 -0.1611472164119675)
648,918,E09000001,city of london,2017-12-01,56295.0,,80655,29,7654.0,626000.0,315.0,6313.0,1,POINT (51.5156177 -0.0919983)
649,919,E09000002,barking and dagenham,2017-12-01,28553.0,7.66,32093,25,210711.0,66000.0,3780.0,74510.0,1,POINT (51.5540907 0.1504888880103942)
650,920,E09000003,barnet,2017-12-01,32143.0,7.63,36818,37,387803.0,176000.0,8675.0,148529.0,1,POINT (51.65309 -0.2002261)
651,921,E09000004,bexley,2017-12-01,30733.0,7.42,33857,52,246124.0,91000.0,6429.0,97628.0,1,POINT (39.9692378 -82.936864)
652,922,E09000005,brent,2017-12-01,30134.0,7.79,35840,37,329102.0,157000.0,4323.0,118013.0,1,POINT (32.9373463 -87.1647184)
653,923,E09000006,bromley,2017-12-01,29819.0,7.31,34354,50,329391.0,134000.0,15013.0,138422.0,1,POINT (51.36685695 0.0617090760908168)
654,924,E09000007,camden,2017-12-01,38147.0,7.31,44970,30,253361.0,398000.0,2179.0,103826.0,1,POINT (39.9448402 -75.1198911)
655,925,E09000008,croydon,2017-12-01,32109.0,7.49,35839,38,384837.0,155000.0,8650.0,157394.0,1,POINT (51.3713049 -0.101957)
656,926,E09000009,ealing,2017-12-01,30259.0,7.55,36039,49,342736.0,168000.0,5554.0,132094.0,1,POINT (51.5126553 -0.3051952)
657,927,E09000010,enfield,2017-12-01,29134.0,7.34,34096,36,332705.0,126000.0,8220.0,125369.0,1,POINT (51.6520851 -0.0810175)
658,928,E09000011,greenwich,2017-12-01,32635.0,7.47,35702,35,282849.0,102000.0,5044.0,110983.0,1,POINT (51.4820845 -0.0045417)
659,929,E09000012,hackney,2017-12-01,33618.0,7.34,42457,27,275929.0,139000.0,1905.0,108770.0,1,POINT (51.5432402 -0.0493621)
660,930,E09000013,hammersmith and fulham,2017-12-01,36972.0,7.34,45218,24,182998.0,159000.0,1715.0,86609.0,1,POINT (51.498314199999996 -0.2278781835822244)
661,931,E09000014,haringey,2017-12-01,31442.0,7.6,35729,33,271224.0,92000.0,2960.0,107620.0,1,POINT (51.587929849999995 -0.1054177129799201)
662,932,E09000015,harrow,2017-12-01,31255.0,7.79,39293,41,248880.0,97000.0,5046.0,89980.0,1,POINT (51.596827149999996 -0.3373046180437286)
663,933,E09000016,havering,2017-12-01,29134.0,7.58,33432,37,256039.0,103000.0,11446.0,101716.0,1,POINT (51.54437325 -0.1443138000000002)
664,934,E09000017,hillingdon,2017-12-01,33596.0,7.55,41156,40,302343.0,216000.0,11570.0,108935.0,1,POINT (51.542519299999995 -0.4483349311794966)
665,935,E09000018,hounslow,2017-12-01,34119.0,7.34,42932,30,269100.0,186000.0,5659.0,99824.0,1,POINT (51.4686132 -0.3613471)
666,936,E09000019,islington,2017-12-01,39348.0,7.38,52752,29,235000.0,247000.0,1486.0,102457.0,1,POINT (51.5384287 -0.0999051)
667,937,E09000020,kensington and chelsea,2017-12-01,31678.0,7.31,38625,26,155741.0,166000.0,1238.0,87276.0,1,POINT (51.50379515 -0.200789383231796)
668,938,E09000021,kingston upon thames,2017-12-01,31308.0,7.6,36139,48,174609.0,100000.0,3726.0,66924.0,1,POINT (51.4096275 -0.3062621)
669,939,E09000022,lambeth,2017-12-01,35036.0,7.42,40458,30,324048.0,188000.0,2725.0,138745.0,1,POINT (51.4952111 -0.1163354)
670,940,E09000023,lewisham,2017-12-01,33294.0,7.31,35454,22,301307.0,88000.0,3532.0,125961.0,1,POINT (51.4624292 -0.0101787)
671,941,E09000024,merton,2017-12-01,29627.0,7.55,35907,37,206052.0,104000.0,3762.0,83649.0,1,POINT (51.41086985 -0.188097088588243)
672,942,E09000025,newham,2017-12-01,30770.0,7.47,38661,14,347996.0,125000.0,3857.0,112628.0,1,POINT (51.5300157 0.0293090787885137)
673,943,E09000026,redbridge,2017-12-01,29189.0,7.55,32792,24,301785.0,97000.0,5644.0,103462.0,1,POINT (51.5763203 0.0454097)
674,944,E09000027,richmond upon thames,2017-12-01,32141.0,7.73,39407,42,195680.0,106000.0,5876.0,84759.0,1,POINT (51.4405529 -0.3076394377337949)
675,945,E09000028,southwark,2017-12-01,37601.0,7.47,44008,35,314232.0,317000.0,2991.0,132152.0,1,POINT (51.503925 -0.1049663)
676,946,E09000029,sutton,2017-12-01,27945.0,7.91,35113,50,203243.0,85000.0,4385.0,82281.0,1,POINT (30.51216325 -100.53841807826248)
677,947,E09000030,tower hamlets,2017-12-01,49369.0,7.51,75103,26,307964.0,317000.0,2158.0,118012.0,1,POINT (51.1288633 1.2986686)
678,948,E09000031,waltham forest,2017-12-01,28284.0,7.73,31049,32,275505.0,88000.0,3881.0,102317.0,1,POINT (51.6676884 0.0548011292574446)
679,949,E09000032,wandsworth,2017-12-01,33137.0,7.64,40076,22,323257.0,151000.0,3522.0,143915.0,1,POINT (51.4570271 -0.1932607)
680,950,E09000033,westminster,2017-12-01,42152.0,7.57,59878,19,244796.0,754000.0,2203.0,123366.0,1,POINT (51.5004439 -0.1265398)
681,957,E12000007,london,2017-12-01,37171.0,7.52,50285,33,8825001.0,6125000.0,159471.0,3524438.0,0,POINT (51.5073359 -0.12765)
682,960,E13000001,inner london,2017-12-01,40675.0,,56859,,3545507.0,,32796.0,1497650.0,0,POINT (51.5128303 -0.1100526)
683,961,E13000002,outer london,2017-12-01,31298.0,,36752,,5279494.0,,126676.0,2026789.0,0,POINT (51.526393049999996 -0.1611472164119675)
684,969,E09000001,city of london,2018-12-01,61203.0,,90028,30,8706.0,640000.0,315.0,6451.0,1,POINT (51.5156177 -0.0919983)
685,970,E09000002,barking and dagenham,2018-12-01,29995.0,7.52,32671,24,211998.0,66000.0,3780.0,74923.0,1,POINT (51.5540907 0.1504888880103942)
686,971,E09000003,barnet,2018-12-01,29927.0,7.55,36776,35,392140.0,170000.0,8675.0,150737.0,1,POINT (51.65309 -0.2002261)
687,972,E09000004,bexley,2018-12-01,,7.54,34496,54,247258.0,87000.0,6429.0,97905.0,1,POINT (39.9692378 -82.936864)
688,973,E09000005,brent,2018-12-01,30366.0,7.71,35830,37,330795.0,157000.0,4323.0,118707.0,1,POINT (32.9373463 -87.1647184)
689,974,E09000006,bromley,2018-12-01,30762.0,7.57,35201,50,331096.0,127000.0,15013.0,138976.0,1,POINT (51.36685695 0.0617090760908168)
690,975,E09000007,camden,2018-12-01,39198.0,7.48,46502,31,262226.0,403000.0,2179.0,104771.0,1,POINT (39.9448402 -75.1198911)
691,976,E09000008,croydon,2018-12-01,33804.0,7.69,36880,47,385346.0,149000.0,8650.0,159470.0,1,POINT (51.3713049 -0.101957)
692,977,E09000009,ealing,2018-12-01,29928.0,7.53,36304,53,341982.0,148000.0,5554.0,133551.0,1,POINT (51.5126553 -0.3051952)
693,978,E09000010,enfield,2018-12-01,29238.0,7.37,37030,33,333869.0,133000.0,8220.0,125755.0,1,POINT (51.6520851 -0.0810175)
694,979,E09000011,greenwich,2018-12-01,33163.0,7.54,36288,33,286186.0,106000.0,5044.0,112884.0,1,POINT (51.4820845 -0.0045417)
695,980,E09000012,hackney,2018-12-01,35286.0,7.5,40439,28,279665.0,152000.0,1905.0,110037.0,1,POINT (51.5432402 -0.0493621)
696,981,E09000013,hammersmith and fulham,2018-12-01,40972.0,7.72,44781,24,185426.0,155000.0,1715.0,88140.0,1,POINT (51.498314199999996 -0.2278781835822244)
697,982,E09000014,haringey,2018-12-01,29801.0,7.35,34178,29,270624.0,91000.0,2960.0,108820.0,1,POINT (51.587929849999995 -0.1054177129799201)
698,983,E09000015,harrow,2018-12-01,30553.0,7.65,35325,40,250149.0,91000.0,5046.0,90680.0,1,POINT (51.596827149999996 -0.3373046180437286)
699,984,E09000016,havering,2018-12-01,30181.0,7.68,34484,37,257810.0,108000.0,11446.0,101993.0,1,POINT (51.54437325 -0.1443138000000002)
700,985,E09000017,hillingdon,2018-12-01,31886.0,7.76,39670,37,304824.0,209000.0,11570.0,109777.0,1,POINT (51.542519299999995 -0.4483349311794966)
701,986,E09000018,hounslow,2018-12-01,35935.0,7.85,46102,31,270782.0,178000.0,5659.0,100735.0,1,POINT (51.4686132 -0.3613471)
702,987,E09000019,islington,2018-12-01,40000.0,7.51,53489,29,239142.0,255000.0,1486.0,102824.0,1,POINT (51.5384287 -0.0999051)
703,988,E09000020,kensington and chelsea,2018-12-01,32976.0,7.23,42099,27,156197.0,164000.0,1238.0,87611.0,1,POINT (51.50379515 -0.200789383231796)
704,989,E09000021,kingston upon thames,2018-12-01,,7.78,36282,49,175470.0,96000.0,3726.0,67141.0,1,POINT (51.4096275 -0.3062621)
705,990,E09000022,lambeth,2018-12-01,36200.0,7.22,44814,30,325917.0,180000.0,2725.0,140288.0,1,POINT (51.4952111 -0.1163354)
706,991,E09000023,lewisham,2018-12-01,29966.0,7.49,33493,28,303536.0,84000.0,3532.0,126487.0,1,POINT (51.4624292 -0.0101787)
707,992,E09000024,merton,2018-12-01,31182.0,7.84,#,39,206186.0,108000.0,3762.0,84297.0,1,POINT (51.41086985 -0.188097088588243)
708,993,E09000025,newham,2018-12-01,30392.0,7.54,37849,17,352005.0,139000.0,3857.0,114474.0,1,POINT (51.5300157 0.0293090787885137)
709,994,E09000026,redbridge,2018-12-01,,7.54,31990,25,303858.0,92000.0,5644.0,103924.0,1,POINT (51.5763203 0.0454097)
710,995,E09000027,richmond upon thames,2018-12-01,34027.0,7.7,40427,43,196904.0,111000.0,5876.0,85141.0,1,POINT (51.4405529 -0.3076394377337949)
711,996,E09000028,southwark,2018-12-01,39998.0,7.34,48333,35,317256.0,329000.0,2991.0,132970.0,1,POINT (51.503925 -0.1049663)
712,997,E09000029,sutton,2018-12-01,28853.0,7.88,32442,49,204525.0,78000.0,4385.0,82978.0,1,POINT (30.51216325 -100.53841807826248)
713,998,E09000030,tower hamlets,2018-12-01,49237.0,7.82,69806,23,317705.0,333000.0,2158.0,120015.0,1,POINT (51.1288633 1.2986686)
714,999,E09000031,waltham forest,2018-12-01,30298.0,7.46,32875,32,276700.0,88000.0,3881.0,103029.0,1,POINT (51.6676884 0.0548011292574446)
715,1000,E09000032,wandsworth,2018-12-01,34501.0,7.65,45317,23,326474.0,147000.0,3522.0,146162.0,1,POINT (51.4570271 -0.1932607)
716,1001,E09000033,westminster,2018-12-01,43015.0,7.66,63792,22,255324.0,775000.0,2203.0,124509.0,1,POINT (51.5004439 -0.1265398)
717,1008,E12000007,london,2018-12-01,38146.0,7.58,52629,33,8908081.0,6148000.0,159471.0,3556161.0,0,POINT (51.5073359 -0.12765)
718,1011,E13000001,inner london,2018-12-01,42153.0,,59567,,3600203.0,,32796.0,1513559.0,0,POINT (51.5128303 -0.1100526)
719,1012,E13000002,outer london,2018-12-01,31031.0,,37173,,5307878.0,,126676.0,2042603.0,0,POINT (51.526393049999996 -0.1611472164119675)
720,1020,E09000001,city of london,2019-12-01,61636.0,,88342,,,,,,1,POINT (51.5156177 -0.0919983)
721,1021,E09000002,barking and dagenham,2019-12-01,28738.0,,32010,,,,,,1,POINT (51.5540907 0.1504888880103942)
722,1022,E09000003,barnet,2019-12-01,31624.0,,37328,,,,,,1,POINT (51.65309 -0.2002261)
723,1023,E09000004,bexley,2019-12-01,31642.0,,33978,,,,,,1,POINT (39.9692378 -82.936864)
724,1024,E09000005,brent,2019-12-01,31739.0,,36816,,,,,,1,POINT (32.9373463 -87.1647184)
725,1025,E09000006,bromley,2019-12-01,,,37564,,,,,,1,POINT (51.36685695 0.0617090760908168)
726,1026,E09000007,camden,2019-12-01,40196.0,,49115,,,,,,1,POINT (39.9448402 -75.1198911)
727,1027,E09000008,croydon,2019-12-01,35237.0,,38363,,,,,,1,POINT (51.3713049 -0.101957)
728,1028,E09000009,ealing,2019-12-01,31021.0,,36420,,,,,,1,POINT (51.5126553 -0.3051952)
729,1029,E09000010,enfield,2019-12-01,28258.0,,36320,,,,,,1,POINT (51.6520851 -0.0810175)
730,1030,E09000011,greenwich,2019-12-01,33081.0,,36425,,,,,,1,POINT (51.4820845 -0.0045417)
731,1031,E09000012,hackney,2019-12-01,35020.0,,42067,,,,,,1,POINT (51.5432402 -0.0493621)
732,1032,E09000013,hammersmith and fulham,2019-12-01,37990.0,,48362,,,,,,1,POINT (51.498314199999996 -0.2278781835822244)
733,1033,E09000014,haringey,2019-12-01,30452.0,,35251,,,,,,1,POINT (51.587929849999995 -0.1054177129799201)
734,1034,E09000015,harrow,2019-12-01,32809.0,,37172,,,,,,1,POINT (51.596827149999996 -0.3373046180437286)
735,1035,E09000016,havering,2019-12-01,32321.0,,37161,,,,,,1,POINT (51.54437325 -0.1443138000000002)
736,1036,E09000017,hillingdon,2019-12-01,35231.0,,41686,,,,,,1,POINT (51.542519299999995 -0.4483349311794966)
737,1037,E09000018,hounslow,2019-12-01,36487.0,,50418,,,,,,1,POINT (51.4686132 -0.3613471)
738,1038,E09000019,islington,2019-12-01,41076.0,,53466,,,,,,1,POINT (51.5384287 -0.0999051)
739,1039,E09000020,kensington and chelsea,2019-12-01,33000.0,,41741,,,,,,1,POINT (51.50379515 -0.200789383231796)
740,1040,E09000021,kingston upon thames,2019-12-01,32138.0,,37666,,,,,,1,POINT (51.4096275 -0.3062621)
741,1041,E09000022,lambeth,2019-12-01,36825.0,,48004,,,,,,1,POINT (51.4952111 -0.1163354)
742,1042,E09000023,lewisham,2019-12-01,32334.0,,36036,,,,,,1,POINT (51.4624292 -0.0101787)
743,1043,E09000024,merton,2019-12-01,31699.0,,#,,,,,,1,POINT (51.41086985 -0.188097088588243)
744,1044,E09000025,newham,2019-12-01,33944.0,,41592,,,,,,1,POINT (51.5300157 0.0293090787885137)
745,1045,E09000026,redbridge,2019-12-01,29108.0,,34096,,,,,,1,POINT (51.5763203 0.0454097)
746,1046,E09000027,richmond upon thames,2019-12-01,35191.0,,42092,,,,,,1,POINT (51.4405529 -0.3076394377337949)
747,1047,E09000028,southwark,2019-12-01,40303.0,,47811,,,,,,1,POINT (51.503925 -0.1049663)
748,1048,E09000029,sutton,2019-12-01,32947.0,,37392,,,,,,1,POINT (30.51216325 -100.53841807826248)
749,1049,E09000030,tower hamlets,2019-12-01,46142.0,,69434,,,,,,1,POINT (51.1288633 1.2986686)
750,1050,E09000031,waltham forest,2019-12-01,30718.0,,33119,,,,,,1,POINT (51.6676884 0.0548011292574446)
751,1051,E09000032,wandsworth,2019-12-01,34168.0,,39617,,,,,,1,POINT (51.4570271 -0.1932607)
752,1052,E09000033,westminster,2019-12-01,43556.0,,60010,,,,,,1,POINT (51.5004439 -0.1265398)
753,1059,E12000007,london,2019-12-01,38992.0,,53100,,,,,,0,POINT (51.5073359 -0.12765)
754,1062,E13000001,inner london,2019-12-01,,,59987,,,,,,0,POINT (51.5128303 -0.1100526)
755,1063,E13000002,outer london,2019-12-01,,,38614,,,,,,0,POINT (51.526393049999996 -0.1611472164119675)
